전체,살인,강도,절도,폭력,성폭력,주소,위도,경도,지구대,관할구역
4,3,1,4,4,3,서울 종로구 행촌동 송월길 152,37.5717949,126.962182,교남,"홍파동, 교남동, 교북동, 평동, 송월동, 행촌동, 무악동"
4,2,3,3,3,4,서울 종로구 사직로9길 5,37.5759503,126.968135,사직,"체부동, 사직동, 사직로5길, 사직로7길, 사직로9길, 사직로49-4, 사직로49-10, 사직로49-12, 사직로49-14, 사직로49-16, 사직로49-18, 사직로55, 사직로57, 사직로57-1, 사직로59, 사직로61, 사직로103-4, 사직로105, 사직로107, 사직로109,  사직로111-1, 사직로115, 사직로115-1, 사직로115-2, 사직로115-3, 사직로115-4,  사직로113, 사직로119, 사직로119-2, 인왕산로3, 인왕산로5, 인왕산로7, 인왕산로15, 인왕산로17, 인왕산로17-1, 인왕산로19, 인왕산로1길, 송월1길, 필운동, 내자동, 자하문로1, 자하문로1-5, 자하문로1길"
2,1,1,2,2,2,서울 종로구 자하문로17길 24,37.5814557,126.969412,옥인,"옥인동, 통인동, 누상동, 옥인3길, 필운대로1길, 필운대로5나길, 누하동"
1,1,2,1,1,1,서울 종로구 자하문로 92-1,37.5841229,126.970577,청운,"청운동, 신교동, 세종로동, 청와대로1, 궁정동, 창의문로12, 창의문로21, 자하문로26길, 자하문로28길"
2,1,1,2,2,1,서울 종로구 효자로 9,37.5767537,126.973976,통의,"통의동, 창성동, 효자동, 적선동, 효자로3길, 사직로135, 사직로137, 사직로137-11, 사직로137-13, 사직로137-15, 사직로137-17, 자하문로2길4, 자하문로2길8, 자하문로2길12, 자하문로2길14, 자하문로2길16, 자하문로2길18, 자하문로2길20, 자하문로2길22, 사직로길125, 사직로길133-2, 사직로길133-6, 사직로길133-8, 사직로길133-10, 사직로길133-12, 사직로길133-3, 사직로길133-5, 사직로길133-7, 사직로길133-9, 사직로길127, 사직로길127-6, 사직로길127-12, 사직로길127-14, 사직로161, 삼청로37, 궁정동, 효자로97, 효자로105, 효자로107, 자하문로84, 자하문로86, 자하문로86-1"
3,3,1,3,3,3,서울 종로구 경희궁길 6-3,37.5707346,126.972189,신문로,"내수동, 당주동, 세종대로23길, 내자동, 새문안로3길, 사직로12길, 사직로106, 사직로108, 사직로110, 사직로112, 사직로114, 필운동, 사직로8길, 사직로10길, 사직로94, 사직로96, 사직로102, 사직로104, 새문안로5길, 도렴동, 적선동, 사직로1390, 신문로1가, 경희궁길4, 신문로2가, 경희궁길6, 경희궁길7, 경희궁길8, 경희궁길9, 경희궁길10, 경희궁길12, 경희궁길13, 경희궁길14, 경희궁길15, 경희궁길18, 경희궁길19, 경희궁길22, 경희궁길23, 경희궁길24, 경희궁길26, 경희궁길27, 경희궁길28, 경희궁길31, 경희궁길33, 경희궁길34, 경희궁길36, 경희궁길37, 경희궁길39, 경희궁길41, 경희궁길42, 경희궁길43, 경희궁길45, 경희궁길46, 경희궁길47, 경희궁1길, 새문안로35, 새문안로37, 새문안로39, 새문안로43, 경희궁1가길, 송월길2, 송월길14, 송월길18, 송월길20-1, 송월길20-2, 송월길20-3, 송월길20-4, 송월길20-5, 송월길20-6, 송월길20-7, 송월길20-8, 송월길22, 송월길35, 송월길41-1, 송월길41-2, 송월길41-3, 송월길41-4, 송월길41-5, 송월길41-6, 송월길41-7, 송월길41-8, 송월길41-9, 송월길41-10, 송월길41-11, 송월길41-12, 송월길43, 송월길48, 송월길52, 사직로6길, 사직동, 경희궁3가길, 경희궁3나길, 사직로62, 사직로64, 사직로66, 사직로68, 사직로70"
3,1,1,4,4,2,서울 종로구 삼청로 66,37.5813862,126.981106,삼청,"사간동, 소격동, 삼청동, 팔판동, 가회동, 화동, 재동, 안국동, 송현동, 계동, 원서동, 운니동"
4,1,3,5,4,4,서울 종로구 삼봉로 33,37.5728986,126.979252,청진,"수송동, 중학동, 공평동, 종로47, 우정국로29, 삼봉로90, 삼봉로92, 삼봉로98, 삼봉로100, 종로7길, 견지동, 우정국로45, 우정국로47, 우정국로49, 우정국로51, 우정국로53, 우정국로55, 우정국로57, 우정국로59, 우정국로61, 우정국로63, 우정국로65, 우정국로67, 우정국로69, 율곡로4길, 종로1가, 청진동, 세종로동, 종로1길, 세종대로175, 세종대로178, 세종대로198"
5,1,2,5,5,5,서울 종로구 삼일대로 386,37.5688094,126.988094,관수,"관철동, 관수동, 장사동, 돈화문로5, 돈화문로7, 돈화문로9, 세종대로152, 청계천로1, 서린동, 종로2가, 종로3가, 종로60, 종로62, 종로64, 종로66, 종로68, 종로70, 종로72, 종로74, 종로78, 종로80, 종로82, 종로84, 종로86, 종로88, 종로90, 종로92, 종로94, 종로96, 종로98, 종로100, 종로102, 종로104, 종로106, 종로108, 종로110, 종로112, 종로114, 종로116, 종로118, 종로120, 종로122, 종로124, 종로126, 종로128, 삼일대로394, 삼일대로395, 삼일대로396, 수표로20길,"
5,4,4,5,5,5,서울 종로구 종로17길 4,37.5704853,126.988897,종로2가,"인사동, 낙원동, 견지동, 인사동11길, 우정국로38-1, 우정국로38-11, 우정국로38-18, 우정국로38-20, 우정국로40, 우정국로40-1, 우정국로42, 우정국로42-2, 우정국로44, 우정국로46, 우정국로48, 우정국로50, 우정국로50-2, 우정국로50-4, 우정국로50-6, 우정국로52, 우정국로56, 우정국로58, 우정국로58-1, 인사동9길, 공평동, 인사동5길, 종로9길, 종로51, 우정국로26, 우정국로26-5, 우정국로24, 우정국로24-15, 우정국로24-19, 우정국로32, 우정국로28, 우정국로28-1, 우정국로30, 우정국로30-1, 우정국로30-2, 우정국로30-3, 우정국로30-5, 우정국로30-6, 우정국로30-8, 우정국로30-22, 우정국로30-26, 우정국로30-28, 우정국로30-30, 우정국로30-32, 우정국로30-40, 묘동, 돈화문로11가길, 돈화문로5가길, 돈의동, 익선동, 경운동, 와룡동, 돈화문로96, 돈화문로97, 돈화문로93, 돈화문로89, 돈화문로85, 돈화문로83-2, 돈화문로83-1, 돈화문로83, 돈화문로81-1, 돈화문로81, 돈화문로79, 돈화문로73, 돈화문로71, 돈화문로48, 돈화문로69, 돈화문로69-1, 돈화문로69-2, 돈화문로46, 돈화문로67, 돈화문로65, 삼일대로30길, 돈화문로11가길, 운니동, 종로61, 종로65, 종로69, 종로73, 종로75, 종로75-1, 종로77, 종로79. 종로79-1, 종로81, 종로83, 종로83-1, 종로85, 종로85-1, 종로87, 종로87-1, 종로89, 종로38-1, 종로17길, 종로2가, 종로3가, 종로104, 종로109, 종로111, 종로111-1, 종로111-2, 종로113, 종로113-1, 종로113-2, 종로115, 종로117, 종로117-1, 종로119, 종로121, 종로121-1, 종로121-2, 종로123, 종로123-1, 종로125, 종로127, 종로127-1, 종로127-2, 돈화문로23, 돈화문로25"
5,3,4,2,3,5,서울 종로구 동호로 407,37.5707202,127.001609,종로5가,"훈정동, 봉익동, 인의동, 연지동, 예지동, 원남동, 율곡로150, 율곡로154, 율곡로158, 율곡로160, 율곡로162, 율곡로164, 율곡로166, 율곡로168, 율곡로170, 율곡로172, 율곡로172-8,  율곡로172-10, 율곡로178, 율곡로172-7, 율곡로172-9, 율곡로174, 율곡로176, 율곡로180, 율곡로182, 율곡로184, 율곡로184-1, 창경궁로133, 창경궁로135, 창경궁로135-1, 창경궁로135-3, 창경궁로135-5, 창경궁로135-6, 창경궁로135-8, 창경궁로135-9,  창경궁로135-10, 창경궁로137, 창경궁로137-1, 창경궁로137-2, 창경궁로137-6, 창경궁로138, 창경궁로139, 창경궁로139-1, 창경궁로140, 창경궁로141, 창경궁로142, 창경궁로142-1, 창경궁로144, 창경궁로144-1,  창경궁로146, 창경궁로147, 창경궁로147-1, 창경궁로147-2, 창경궁로143, 창경궁로145, 창경궁로145-3, 창경궁로145-5, 창경궁로145-6, 창경궁로145-8, 창경궁로148, 창경궁로148-1, 창경궁로149, 창경궁로149-1, 창경궁로20길, 창경궁로16나길, 창경궁로18길, 창경궁로21길, 창경궁로21가길, 창경궁로22길, 동순라길78-3, 동순라길78-5, 동순라길78-7, 동순라길78-9, 동순라길78-11, 동순라길78-13, 동순라길80, 동순라길82-7, 동순라길72-9, 동순라길82-11, 동순라길84, 동순라길86-6, 동순라길86-11, 동순라길86-13, 동순라길94, 동순라길96, 동순라길96-1, 동순라길98, 동순라길106-1, 동순라길106-2, 동순라길106-4, 동순라길106-5, 동순라길106-7, 동순라길106-11, 동순라길110, 동순라길112, 동순라길126-2, 동순라길126-5, 동순라길126-3, 동순라길130, 묘동, 돈화문로26, 돈화문로32-1, 돈화문로34, 돈화문로36-1, 돈화문로38-1, 돈화문로38-2, 돈화문로40, 돈화문로42, 돈화문로48, 돈화문로50, 돈화문로52, 돈화문로54, 돈화문로56, 돈화문로56-1, 돈화문로58, 돈화문로60, 돈화문로60-1, 돈화문로60-2, 돈화문로62, 돈화문로62-1, 돈화문로64-4, 돈화문로64, 돈화문로64-3, 돈화문로8길, 율곡로8길, 율곡로10길, 돈화문로6가길, 와룡동, 율곡로102, 율곡로8길, 율곡로10길, 권농동, 연건동, 율곡로202, 율곡로202-7, 율곡로204, 율곡로208, 대학로45, 대학로47, 대학로51-1, 대학로53, 효제동, 대학로3, 대학로5, 대학로5-1, 대학로9, 대학로13, 대학로15, 대학로17, 대학로33, 대학로35, 대학로35-3,  대학로35-11, 대학로35-13, 대학로35-15, 대학로35-17, 대학로35-20, 대학로35-25, 대학로39, 대학로1길, 대학로3길, 종로33길, 종로3가, 종로4가, 종로5가, 대학로1, 대학로3, 종로203, 종로205, 종로207, 종로209, 종로209-1, 종로211, 종로211-1, 종로212, 종로213, 종로213-1, 종로214, 종로215, 종로217, 종로31길, 종로33길, 0동호로399, 동호로401-2, 동호로401, 동호로407"
4,1,3,3,4,5,서울 종로구 종로41나길 24-6,37.5729276,127.004847,효제,"효제동, 충신동, 종로5가, 종로6가, 연건동, 대학로44-3, 대학로44-5, 대학로46, 대학로48-1, 대학로48-2, 대학로48-3, 대학로48-4, 대학로48-8, 대학로48-9, 대학로48-11, 대학로50, 대학로50-1, 대학로50-2, 대학로52, 대학로54, 율곡로212, 율곡로212-1, 율곡로214, 율곡로14길, 이화동, 율곡로216, 율곡로218, 율곡로220, 율곡로220-1, 율곡로222, 율곡로224, 율곡로226, 율곡로228, 율곡로228-1, 율곡로230, 율곡로230-6, 율곡로230-10, 율곡로230-12, 율곡로14길, 율곡로16길"
4,2,1,4,4,5,서울 종로구 이화장2길 33,37.5785768,127.006013,대학로,"명륜2가, 대명길4, 대명길6, 대명길8, 대명길12, 대명길14, 대명길16, 대명길18, 대명길22, 대명길24, 대명길26, 대명길28, 대명길32, 대명길34, 대명길36, 대명길40, 대명길42, 대명길46, 창경궁로242-1, 창경궁로246, 창경궁로246-1, 창경궁로246-3, 창경궁로246-4, 창경궁로246-6, 창경궁로248, 창경궁로248-4, 창경궁로254, 창경궁로258-5, 창경궁로258-6, 창경궁로258-9, 창경궁로258-10, 창경궁로258-11, 창경궁로258-12, 창경궁로58-13, 창경궁로258-14, 창경궁로258-15, 창경궁로260, 창경궁로264, 창경궁로34길, 명륜4가동, 창경궁로227, 창경궁로229, 창경궁로229-3, 창경궁로229-4, 창경궁로229-5, 창경궁로229-6, 창경궁로229-8, 창경궁로231, 창경궁로231-2, 창경궁로233, 창경궁로235, 창경궁로2길6, 와룡동,  창경궁로185, 율곡로99, 권농동, 동숭동, 이화동, 연건동, 원남동, 창경궁로154, 창경궁로158, 창경궁로160, 창경궁로162, 창경궁로162-1, 창경궁로162-2, 창경궁로22길, 율곡로169, 율곡로171, 율곡로177, 율곡로183, 율곡로185, 율곡로187, 충신동, 율곡로233, 율곡로235, 율곡로19길"
2,1,2,2,2,1,서울 종로구 창신길 98,37.5759817,127.010507,덕산,창신2동
3,1,2,2,2,4,서울 종로구 성균관로 78,37.5892805,126.99759,명륜,"명륜1가, 명륜3가, 명륜2가, 명륜4가, 창경궁로227, 창경궁로229, 창경궁로229-4, 창경궁로229-5, 창경궁로229-3, 창경궁로229-6, 창경궁로229-8, 창경궁로231, 창경궁로231-2, 창경궁로233, 창경궁로235, 창경궁로27길"
1,1,1,1,1,2,서울 종로구 창경궁로 279,37.5860911,127.001383,혜화,혜화동
4,4,4,3,3,3,서울 종로구 지봉로13길 20-12,37.5784771,127.01353,창신,"창신1동, 창신3동, 숭인1동, 숭인2동"
4,1,3,3,4,4,서울 종로구 종로58가길 19,37.5726383,127.01697,동묘,"창신1동, 종로284, 종로290, 종로292, 종로300, 종로302, 종로304, 종로306, 종로308, 종로310, 종로312, 종로314, 종로316, 종로318, 종로320, 종로322, 종로324, 종로328, 종로330, 종로332, 종로334, 종로336, 종로338, 종로44길, 종로46길, 종로46가길, 종로48길, 종로50길, 종로50가길, 종로50나길, 종로50다길, 종로50라길, 종로52길, 종로54길, 지봉로1, 지봉로5, 지봉로6, 지봉로7, 지봉로8, 지봉로9, 지봉로10, 지봉로11, 지봉로12, 지봉로13, 지봉로19, 지봉로25, 지봉로29, 지봉로2길, 지봉로4길, 지봉로4가길, 청계천로345, 청계천로349, 청계천로355, 청계천로359, 청계천로363, 청계천로369, 숭인2동, 종로344, 종로346, 종로350, 종로352, 종로354, 종로356, 종로358, 종로360, 종로367, 종로368, 종로370, 종로372, 종로376, 종로378, 종로380, 종로394, 종로400, 종로408, 종로412, 종로56길, 종로58길, 종로58가길, 종로60길, 종로62길, 종로66길, 종로66가길, 청계천로383, 청계천로397, 청계천로407, 난계로233, 난계로237, 난계로241, 난계로243, 난계로247, 난계로251, 난계로255, 난계로257, 난계로259, 난계로25길, 난계로27길, 난계로29길, 난계로29가길, 지붕로20, 지붕로4길"
3,1,1,4,4,2,서울 종로구 세검정로 226,37.6000215,126.958431,세검정,"부암동, 홍지동, 신영동, 평창동, 북악산로267, 산6-15, 산6-21, 산6-58, 산6-60, 산6-69, 산6-78, 산6-81, 산6-118, 산6-11, 산6-132, 산6-384, 구기동, 홍지문길64, 진흥로22가길, 홍비봉1길, 홍지문길79, 진흥로438-10, 진흥로22길, 홍지문길69, 진흥로419, 진흥로22나길, 홍지문길69"
3,3,2,3,5,2,서울 종로구 평창문화로 46,37.604745,126.965404,평창,"평창동, 산1, 신영동, 구기동, 진흥로473, 진흥로473-1, 진흥로473-2, 진흥로473-3, 진흥로473-4, 진흥로473-5, 진흥로473-6, 진흥로473-7, 진흥로473-8, 진흥로473-9, 진흥로473-10, 진흥로473-11, 진흥로475, 진흥로477, 진흥로477-1, 진흥로477-2, 진흥로477-3, 진흥로477-4, 진흥로477-5, 진흥로477-6, 진흥로477-7, 진흥로477-8, 진흥로477-9, 진흥로477-10, 진흥로477-11, 진흥로477-12, 진흥로477-13, 진흥로483, 진흥로485, 진흥로487, 진흥로491, 진흥로493, 진흥로493-1, 진흥로493-2, 진흥로493-3, 진흥로493-4, 진흥로493-5, 진흥로493-6, 진흥로493-7, 진흥로493-8, 진흥로497, 진흥로497-1, 진흥로497-2, 진흥로497-3, 진흥로497-4, 진흥로497-5, 진흥로497-6, 진흥로497-7, 진흥로499, 진흥로503, 평창문화로5-1, 평창문화로5-2, 평창문화로5-3, 평창문화로5-4, 평창문화로9, 평창문화로11"
2,1,1,2,2,3,서울 마포구 상암동 8-8,37.578416,126.893892,상암,"상암동, 성산동, 산52, 산53, 산54, 산55, 산56, 산57, 산58"
3,3,3,2,2,3,서울 마포구 성산동 602,37.568944,126.909003,월드컵,"성산1동, 중동, 성산2동, 서교동, 성미산로6길, 월드컵로20길, 잔다리로129, 상암동"
2,2,2,2,2,2,서울 마포구 연남동 373-20,37.560371,126.923748,연남,"연남동, 동교동, 동교로, 동교로23길, 동교로25길, 동교로27길, 동교로30길, 월드컵북로2길, 월드컵북로4길, 월드컵북로6길, 양화로19길, 양회로21길, 양회로23길, 연희로, 연회로1길"
4,2,2,2,3,4,서울 마포구 아현동 마포대로 195-1,37.552107,126.953974,공덕,"아현1동, 아현2동, 아현3동, 공덕1동, 공덕2동, 신공덕동"
3,2,1,2,3,4,서울 마포구 용강동 토정로31길 35,37.542674,126.943053,용강,"도화동, 용강동, 염리동, 토정동, 대흥동, 신수동, 백범로23, 백범로35, 백범로73, 백범로82, 백범로10길, 서강대길, 고산말6길"
4,2,4,3,2,5,서울 마포구 창전동 독막로22길 8,37.547499,126.929153,서강,"창전동, 상수동, 당인동, 신정동, 구수동, 하중동, 노고산동, 대흥동, 서교동, 대흥로, 대흥로21길, 대흥로25길, 대흥로27길, 고산길, 고산11길, 고산14길, 고산16길, 고산17길, 고산18길, 와우산로1길, 와우산로3길, 와우산로3안길, 와우산로5길, 와우산로7길, 와우산로10길, 와우산로11길, 와우산로13길, 와우산로14길, 와우산로22길, 와우산로24길, 와우산로26길, 와우산로30길, 와우산로32길, 와우산로38길, 와우산로39길, 어울마당로2길, 서강로9길, 서강로11길, 서강로13길, 서강로14길, 서강로16길, 서강로18길, 서강로20길"
5,4,5,4,4,5,서울 마포구 서교동 491,37.552095,126.913356,홍익,"서교동, 합정동, 동교동, 홍익로26, 홍익로6길"
3,1,3,2,3,3,서울 마포구 망원동 398-1,37.554551,126.902749,망원,"망원1동, 망원2동"
3,4,4,3,3,4,서울 영등포구 경인로 759,37.5135516,126.897605,문래,"문래동, 도림동, 영등포본동, 도신로29길, 도신로29아길, 영신로9길, 영신로9라길, 영신로1가길, 영신로1길, 영신로19길, 영신로9마길, 영신로9나길, 영신로9가길, 영신로11길, 영신로13길, 영신로15길, 영신로17길"
3,4,4,3,3,4,서울 영등포구 경인로102길 13,37.5153424,126.905712,영등포역,"영등포동, 영등포로60길33, 영등포로62길, 영등포로62길31, 영신로, 영신로8길, 영신로10길, 영신로11길, 영신로13길, 영신로15길, 영신로19길, 영신로20길, 신길로61-21, 신길로22-1, 신길로227, 신길로229, 신길로231-3, 신길로231-5, 신길로231-7, 신길로231-8, 신길로231-6, 신길로231-4, 신길로231, 신길로233, 신길로235, 신길로237, 신길로225, 신길로250, 신길로250-2, 신길로250-3, 신길로250-1, 신길로250-5, 신길로252, 신길로276, 신길로60길4, 신길로60나길9, 신길로61길, 신길로62길, 영등포동1가, 영등포동4가"
2,1,3,2,2,1,서울 영등포구 당산로 221,37.5335929,126.901265,당산,"당산2동, 당산동6가, 양평로12길, 양평로12가길, 선유로52길, 선유로54길, 당산로46길, 당산로46가길, 당산로47, 당산로49길, 당산로50길, 당산로51길, 당산로52길, 당산로54길, 양평2동, 양평동3가, 양화동, 올림픽대로, 노들로"
3,5,2,3,4,2,서울 영등포구 대림로 197,37.4983161,126.898056,대림3,대림3동
5,5,4,4,5,4,서울 영등포구 대림로23길 16-1,37.4934062,126.898707,대림,"대림1동, 대림2동"
3,3,2,3,5,3,서울 영등포구 대방천로 195,37.4991209,126.912767,신풍,"신길3동, 신길5동, 신길6동, 신길7동, 가마산로540, 가마산로544, 가마산로546, 가마산로548, 가마산로550, 가마산로552, 가마산로554, 가마산로556, 가마산로558, 가마산로560, 가마산로562, 가마산로564, 가마산로566, 가마산로568, 가마산로569, 가마산로570, 가마산로571, 가마산로572, 가마산로573, 가마산로574, 가마산로575, 가마산로576, 가마산로577, 가마산로578, 가마산로579, 가마산로580, 가마산로581, 가마산로582, 가마산로583, 가마산로584, 가마산로585, 가마산로586, 가마산로587, 가마산로588, 가마산로88길, 가마산로90길, 가마산로82길, 여의대방로161, 여의대방로163, 여의대방로165, 여의대방로169, 여의대방로171, 여의대방로173, 여의대방로175,여의대방로177, 여의대방로179, 여의대방로181, 여의대방로183, 여의대방로185, 여의대방로187, 여의대방로189, 여의대방로35길, 여의대방로35가길, 여의대방로39길, 여의대방로39가길, 신풍로17길"
4,5,3,3,4,5,서울 영등포구 선유로 95,37.5226985,126.889685,양평,"양평동1가, 양평동2가, 양평동3가, 선유서로31길, 선유서로32길, 선유서로34길, 선유서로35길, 선유로33길, 선유로35길, 양산로1길, 양산로3길, 양산로7길, 양산로9길, 국회대로22길, 당산동1가, 당산동2가, 당산동3가"
4,4,3,5,4,4,서울 영등포구 신길로60다길 16,37.5134659,126.914119,신길,"신길1동, 신길2동, 신길4동, 신길7동, 가마산로89길, 여의대방로43길, 여의대방로43가길, 여의대방로47가길, 여의대방로249, 여의대방로55길, 여의대방로61길, 여의대방로43길"
4,2,2,3,3,5,서울 영등포구 여의공원로 120,37.5281241,126.925754,여의도,여의도동
5,5,5,4,3,5,서울 영등포구 영등포로46길 14,37.5180018,126.907519,중앙,"영등포동1가, 영등포동2가, 영등포동3가, 영등포동4가, 영등포동5가, 영등포동6가, 영등포동7가, 영등포동8가, 당산동"
4,1,1,5,5,4,서울 중구 태평로1가 세종대로 141,37.568896,126.97644,세종로,"세종로동, 세종대로159, 세종대로161, 세종대로163, 세종대로167, 세종대로169, 세종대로175, 세종대로189, 세종대로209, 세종대로23길, 도렴동, 새문안로9길, 세종대로지하172, 당주동, 새문안로5길, 새문안로7길, 새문안로2길, 새문안로68, 새문안로76, 새문안로82, 새문안로92, 새문안로96, 새문안로101, 새문안로103, 새문안로103-5, 새문안로105, 신문로1가, 세종대로21길, 신문로2가, 새문안로38, 새문안로42, 새문안로46, 새문안로50, 새문안로58, 세종대로141"
4,1,3,4,5,5,서울 중구 다동 48,37.567998,126.979966,태평로,"남대문로1가, 다동, 무교동, 을지로1가, 을지로2가, 을지로51, 을지로65, 을지로79, 을지로5길, 을지로지하58, 을지로지하88, 삼각동, 수하동, 장교동, 삼일대로363, 삼일대로13길, 청계천로86, 태평로1가, 세종대로지하101, 남대문로2가, 남대문로55, 남대문로67, 남대문로73, 남대문로지하72, 남대문로3가, 남대문로17, 남대문로17-1, 남대문로19-1, 남대문로19-2, 남대문로21, 남대문로21-1, 남대문로23, 남대문로23-1, 남대문로25, 남대문로25-1, 남대문로25-2, 남대문로25-6, 남대문로27, 남대문로27-1, 남대문로27-2, 남대문로29, 남대문로29-1, 남대문로29-2, 남대문로39, 남대문로지하14, 남대문로4가, 남대문로5, 남대문로7, 남대문로9, 남대문로11, 남대문로15, 남대문로1길, 세종대로50, 세종대로58, 세종대로62, 세종대로12길, 북창동, 태평로2가"
3,1,2,4,1,2,서울 중구 신당동 100,37.564998,127.016402,신당,"신당5동, 동화동"
5,2,4,2,2,4,서울 중구 신당동 250-10,37.565225,127.013381,광희,"다산로253, 다산로253-1, 다산로255, 다산로255-1, 다산로257, 다산로259, 다산로259-1, 다산로지하260, 다산로261, 다산로263-1, 다산로263, 다산로265, 다산로269, 다산로293 , 다산로47길, 퇴계로320, 퇴계로322, 퇴계로324, 퇴계로326, 퇴계로326-3, 퇴계로326-4, 퇴계로326-6, 퇴계로328, 퇴계로328-1, 퇴계로330, 퇴계로330-1, 퇴계로336, 퇴계로336-1, 퇴계로336-3, 퇴계로336-5, 퇴계로336-7, 퇴계로336-8, 퇴계로336-10, 퇴계로336-12, 퇴계로336-17, 퇴계로336-21, 퇴계로336-23, 퇴계로337, 퇴계로338, 퇴계로338-1, 퇴계로338-2, 퇴계로338-3, 퇴계로340, 퇴계로340-1, 퇴계로342, 퇴계로385, 퇴계로387, 퇴계로393, 퇴계로393-1, 퇴계로397, , 퇴계로27길, 퇴계로73길, 퇴계로75길, 장충단로지하162, 장충단로지하230, 장충단로지하204, 장충단로지하212, 장충단로지하212-1 장충단로8길, 장충단로8가길, 장충단로8나길, 장충단로10길, 퇴계로62길, 퇴계로64길, 퇴계로66길, 퇴계로68길, 무학동, 황학동, 다산로46길, 다산로48길, 다산로258, 다산로274, 퇴계로403, 퇴계로405, 퇴계로407, 퇴계로409, 퇴계로409-9, 퇴계로409-10, 퇴계로409-11, 퇴계로409-18, 퇴계로411, 퇴계로411-6, 퇴계로411-9, 퇴계로411-11, 퇴계로411-13, 퇴계로411-15, 퇴계로411-17, 퇴계로411-19, 퇴계로411-21, 퇴계로411-23, 퇴계로411-26, 퇴계로411-32, 퇴계로411-34, 퇴계로413, 퇴계로413-1, 퇴계로413-2, 퇴계로415, 417퇴계로81길, 퇴계로81가길"
3,3,1,2,1,4,서울 중구 신당동 844-3,37.552156,127.012393,약수,"약수동, 청구동, 다산동"
5,2,4,4,4,4,서울 중구 봉래동2가 122-17,37.556796,126.97155,서울역,"남대문로5가, 봉래동1가, 봉래동2가, 순화동, 칠패로26, 칠패로28, 칠패로30, 칠패로30-1, 의주로2가, 칠패로6, 칠패로8, 칠패로8-1, 칠패로10, 칠패로14, 칠패로14-1, 칠패로14-2, 칠패로16, 통일로40, 통일로40-1, 통일로42"
3,3,2,3,4,3,서울 중구 중림동 273-1,37.557811,126.967111,중림,"만리동1가, 만리동2가, 의주로2가, 중림동"
1,1,1,1,1,2,서울 중구 서소문동 서소문로 133,37.563838,126.97556,서소문,"남대문로4가, 세종대로39, 봉래동1가, 칠패로37, 서소문동, 순화동, 의주로1가, 정동, 충정로1가, 태평로1가, 세종대로119, 세종대로125, 세종대로135, 세종대로135-5, 세종대로135-7, 세종대로135-9, 태평로2가, 덕수궁길5, 덕수궁길7, 덕수궁길9, 세종대로9길, 서소문로134-5, 서소문로134-7, 서소문로136, 서소문로138"
3,1,2,4,4,4,서울 중구 명동2가 50-13,37.5636,126.98393,명동,"남대문로2가, 남산동1가, 남산동2가, 남산동3가, 명동1가, 명동2가, 예장동, 소파로89, 소파로91, 소파로91-1, 소파로91-3, 소파로91-7, 소파로91-9, 소파로91-10, 소파로91-11, 소파로91-13, 소파로93, 소파로95, 소파로97, 소파로103, 소파로105-1, 소파로107, 퇴계로20나길, 을지로2가, 저동1가, 명동길79, 명동길81, 명동길83, 명동길85, 명동길87, 명동길87-5, 명동길87-6, 명동길87-8, 명동길89, 명동길89-1, 명동길89-2, 명동길89-3, 명동길91, 명동길91-1, 명동길93, 명동13길, 삼일대로339, 삼일대로339-3, 삼일대로339-5, 삼일대로341, 삼일대로343, 삼일대로9길, 충무로1가, 충무로2가, 회현동1가, 소공로6가길, 소파로83, 퇴계로18길, 회현동2가, 회현동3가"
3,1,3,4,1,3,서울 중구 을지로3가 291-50,37.566154,126.992859,을지로3가,"저동2가, 초동, 수표동, 입정동, 산림동, 삼일대로340, 삼일대로8길, 삼일대로12길, 퇴계로212, 퇴계로217, 퇴계로222, 퇴계로227-1, 퇴계로227-2, 퇴계로229, 퇴계로27길, 퇴계로41길, 퇴계로41가길, 수표로1, 수표로5, 수표로6, 수표로7, 수표로9, 수표로10, 수표로11, 수표로12, 수표로13, 수표로17, 수표로18, 수표로19, 수표로20, 수표로20-1, 수표로22, 수표로22-4, ,수표로22-6, 수표로22-12, 수표로22-14, 수표로23, 수표로23-15, 수표로33, 수표로6길, 충무로12, 충무로14, 충무로17, 충무로17-1, 충무로18, 충무로18-1, 충무로18-2, 충무로18-3, 충무로19, 충무로19-1, 충무로20, 충무로20-1, 충무로21, 충무로21-1, 충무로21-3, 충무로2318-2, 충무로2길, 마른내로2길, 마른내로6길, 마른내로4길, 마른내로8길, 마른내로10길, 창경궁로지하51, 창경궁로지하7, 창경궁로지하9, 창경궁로지하11, 창경궁로지하11-3, 창경궁로지하55, 창경궁로지하55-1, 창경궁로지하55-2, 창경궁로지하57, 창경궁로지하63, 창경궁로지하63-1, 창경궁로지하63-2, 창경궁로지하65, 창경궁로지하65-1, 창경궁로지하65-2, 창경궁로지하65-3, 창경궁로지하67, 창경궁로지하67-2, 창경궁로지하67-5, 창경궁로지하67-6, 창경궁로지하67-7, 창경궁로지하67-8, 창경궁로지하67-9, 창경궁로지하67-10, 창경궁로지하67-11, 창경궁로지하67-12, 창경궁로지하67-13, 창경궁로지하67-15, 창경궁로1길, 창경궁로5가길, 을지로지하106, 청계천로170, 청계천로170-1, 청계천로172, 청계천로172-1, 청계천로174, 청계천로174-1, 청계천로176, 청계천로176-1, 청계천로176-2, 청계천로176-3, 청계천로178, 청계천로178-1, 청계천로180, 청계천로180-1, 청계천로180-2, 청계천로182, 을지로3가, 을지로4가, 인현동1가, 인현동2가, 예관동"
4,1,2,3,1,5,서울 중구 을지로5가 72-1,37.566463,127.00391,을지,"방산동, 오장동, 주교동, 충무로5가, 창경궁로8, 창경궁로10, 창경궁로12, 창경궁로12-1, 창경궁로14, 창경궁로14-1, 창경궁로16, 창경궁로16-1, 창경궁로18, 창경궁로18-1, 창경궁로40-1,창경궁로40-3, 창경궁로40-5, 창경궁로40-7, 창경궁로40-9, 창경궁로40-11, 창경궁로40-15, 창경궁로42, 창경궁로42-1, 창경궁로46, 창경궁로지하 51, 창경궁로지하52, 을지로지하178, 을지로지하184, 을지로지하185, 을지로지하186, 을지로지하186-3, 을지로지하186-5, 을지로지하186-7, 을지로지하186-8, 을지로지하186-10, 을지로지하186-11, 을지로지하186-12, 을지로지하186-14, 을지로지하187, 을지로지하187-1, 을지로지하188, 을지로지하189, 을지로지하189-9, 을지로지하189-12, 을지로지하189-14, 을지로지하189-16, 을지로지하189-24, 을지로지하190, 을지로지하190-1, 을지로지하190-2, 을지로지하191, 을지로지하191-5, 을지로지하191-7, 을지로지하191-9, 을지로지하193, 을지로지하193-1, 을지로지하195, 을지로지하195-2, 을지로지하196, 을지로지하196-1, 을지로지하197, 을지로지하197-1, 을지로지하197-2, 을지로지하197-3, 을지로지하198, 을지로지하199, 을지로지하199-1, 을지로지하199-2, 을지로지하201, 을지로지하218, 을지로27길, 을지로28길, 을지로30길, 을지로33길, 을지로5가, 을지로6가, 을지로7가, 광희동1가, 퇴계로, 퇴계로53길, 퇴계로45길, 마른내로96"
2,1,1,1,1,4,서울 중구 필동1가 20-5,37.560861,126.991544,충무,"필동1가, 필동2가, 필동3가, 주차동, 남학동, 삼일대로231, 삼일대로298, 삼일대로300, 삼일대로300-1, 삼일대로302, 삼일대로304, 삼일대로308, 삼일대로2길, 삼일대로4길, 삼일대로6길, 삼일대로8길, 수표로3, 수표로3-1, 수표로3-5, 수표로3-6, 수표로3-8, 수표로5, 수표로79, 수표로11, 수표로11-1, 수표로11-2, 수표로13, 수표로15, 수표로15-1, 충무로3가, 충무로4가, 서애로2, 서애로6, 서애로10-1, 서애로12, 서애로12-4, 서애로12-6, 서애로12-14, 서애로12-10, 서애로12-8, 서애로12-20, 퇴계로157, 퇴계로159-10, 퇴계로159-8, 퇴계로159-6, 퇴계로161, 퇴계로163, 퇴계로163-1, 퇴계로165-1, 퇴계로212, 퇴계로232, 퇴계로238-10, 퇴계로238-12, 퇴계로232-19, 퇴계로232-11, 퇴계로232-13, 퇴계로232-15, 퇴계로232-25, 퇴계로232-27, 퇴계로232-37, 퇴계로20나길, 퇴계로26길, 퇴계로26가길, 퇴계로44길, 퇴계로30길, 퇴계로32길, 퇴계로44길, 필동로6길, 필동로8길, 필동로8가길, 남산공원길125-72, 남산공원길125-54, 남산공원길507, 남산공원길609, 남산공원길627, 소파로89, 소파로91, 소파로91-1, 소파로91-3, 소파로91-7, 소파로91-9, 소파로91-10, 소파로91-11, 소파로91-13, 소파로93, 소파로95, 소파로97, 소파로103, 소파로105-1, 소파로107, 소파로126, 소파로130, 소파로138, 소파로140, 소파로142, 소파로148-10 , 소파로2길, 소파로4길, 장충2가"
1,1,2,2,2,1,서울 중구 회현동 퇴계로 52,37.55827,126.978577,회현,"남대문로5가, 남창동, 소월로31, 소월로31-1, 소월로33, 소월로35, 소월로37, 소월로37-1, 소월로39, 소월로39-1, 소월로39-2, 소월로1길, 소파로23, 퇴계로32, 퇴계로34, 퇴계로36, 퇴계로38, 퇴계로42, 퇴계로42-1, 퇴계로42-2, 퇴계로42-3, 퇴계로46-1, 퇴계로46-2, 퇴계로46-4, 퇴계로46-10, 퇴계로48, 퇴계로48-1, 퇴계로2길, 퇴계로4길, 퇴계로6길, 퇴계로6가길, 회현동1가, 회현동2가, 소공로25, 소공로27, 소공로27-1, 소공로29, 소공로51, 소공로1길, 소공로3길, 소공로7길"
2,1,2,4,3,2,서울 중구 회현동 남대문시장4길 28-16,37.559008,126.976325,남대문,"남대문로3가, 남대문로4가, 남창동, 충무로1가, 남대문로42, 남대문로34, 남대문로34-1, 남대문로36, 남대문로40, 소공로63, 소공로지하58, 퇴계로77, 회현동1가, 남대문시장길, 남대문시장8길, 남대문시장10길, 퇴계로65, 퇴계로67, 퇴계로69, 퇴계로71, 퇴계로지하54, 세종대로40"
1,1,2,3,1,1,서울 중구 장충동 동호로 261,37.558753,127.004795,장충,"서애로2, 서애로3, 서애로6, 서애로1길, 장충1가, 동호로229, 동호로231, 동호로233, 동호로233-3, 동호로233-10, 동호로235-14, 동호로241, 동호로249 동호로지하256, 동호로지하257-10, 동호로지하268-8, 동호로지하268-10, 동호로지하276-11, 동호로24길, 동호로25길, 동호로25가길, 동호로27길, 동호로28길, 퇴계로52길, 동호로30길, 장충단로59, 장충단로84, 장충단로86, 장충단로88, 장충단로91, 필동로79, 필동로67-3, 필동로1길, 필동로3길, 필동로5길, 퇴계로46길, 퇴계로48길, 퇴계로50길, 퇴계로50가길, 퇴계로56길, 서애로, 서애로1길, 장충1가, 동호로, 퇴계로244, 퇴계로246, 퇴계로248, 퇴계로250, 퇴계로252, 퇴계로252-1, 퇴계로252-2, 퇴계로254, 퇴계로254-1, 퇴계로256, 퇴계로256-1, 퇴계로258, 퇴계로258-1, 퇴계로260, 퇴계로262, 퇴계로262-1, 퇴계로264, 퇴계로266, 퇴계로268, 퇴계로270, 퇴계로272, 퇴계로56가길, 장충단로8가길, 장충단로8나길, 장충단로10길, 장충동1가, 목정동, 쌍림동"
