연번,지방청,경찰서,관서명,구분,치안센터명,주소
1,서울청,서울중부,광희,지구대,황학치안센터,서울 중구 난계로 11길 52
2,서울청,서울중부,약수,지구대,다산치안센터,서울 중구 동호로 14길 18
3,서울청,서울중부,을지,지구대,DDP치안센터,서울 중구 을지로 281
4,서울청,서울중부,을지로3,파출소,충4치안센터,서울 중구 충무로2길 39
5,서울청,서울종로,평창,파출소,구기치안센터,서울 종로구 비봉길 13
6,서울청,서울서대문,충정로,지구대,북아현1치안센터,서울 서대문구 신촌로 271번지
7,서울청,서울서대문,충정로,지구대,북아현치안센터,서울 서대문구 북아현로 59-1번지
8,서울청,서울서대문,신촌,지구대,신촌치안센터,서울 서대문구 신촌로 105번지
9,서울청,서울혜화,종로5가,파출소,종로3가치안센터,서울 종로구 돈화문로 28
10,서울청,서울용산,원효,지구대,청파치안센터,서울 용산구 청파로 274-2
11,서울청,서울용산,용중,지구대,남영치안센터,서울 용산구 한강대로 102길11-5
12,서울청,서울용산,용중,지구대,용산치안센터,서울 용산구 신흥로 90
13,서울청,서울용산,한남,파출소,한남2치안센터,서울 용산구 이태원로 281
14,서울청,서울성북,돈암,지구대,돈암치안센터,서울 성북구 성북로 4길 52
15,서울청,서울성북,안암,지구대,보문치안센터,서울 성북구 보문로 13길 27
16,서울청,서울성북,안암,지구대,삼선치안센터,서울 성북구 보문로29길 92
17,서울청,서울성북,길음,지구대,길음1치안센터,서울 성북구 정릉로 31길 30 
18,서울청,서울성북,길음,지구대,정릉1치안센터,서울 성북구 동소문로 258
19,서울청,서울성북,정릉,파출소,정릉3치안센터,서울 성북구 정릉로 10길 44
20,서울청,서울성북,정릉,파출소,정릉4치안센터,서울 성북구 보국문로 87
21,서울청,서울성북,성북,파출소,성북1치안센터,서울 성북로 23
22,서울청,서울동대문,답십리,지구대,답십리1치안센터,서울 동대문 고미술로 93
23,서울청,서울동대문,답십리,지구대,답십리2치안센터,서울 동대문 한천로11길 30
24,서울청,서울동대문,용신,지구대,신설치안센터,서울 동대문구 왕산로 5
25,서울청,서울동대문,용신,지구대,용두치안센터,서울 동대문구 왕산로 95
26,서울청,서울동대문,전농2,파출소,전농4치안센터,서울 동대문구 시립대로 14길 31
27,서울청,서울동대문,장안1,파출소,남장안치안센터,서울 동대문구 한천로 10길 4
28,서울청,서울동대문,장안1,파출소,장안3치안센터,서울 동대문구 장안로18길 78
29,서울청,서울동대문,이문,파출소,이문1치안센터,서울 동대문구 이문로 119
30,서울청,서울동대문,이문,파출소,이문2치안센터,서울 동대문구 이문로 196
31,서울청,서울동대문,휘경,파출소,휘경2치안센터,서울 동대문구 망우로 20길 4
32,서울청,서울마포,공덕,지구대,아현치안센터,서울 마포구 환일길 3
33,서울청,서울마포,공덕,지구대,공덕치안센터,서울 마포구 만리재로 14
34,서울청,서울마포,용강,지구대,도화치안센터,서울 마포구 도화길 40
35,서울청,서울마포,용강,지구대,염리치안센터,서울 마포구 숭문길 35
36,서울청,서울마포,용강,지구대,대흥치안센터,서울 마포구 대흥로 85
37,서울청,서울마포,홍익,지구대,서교치안센터,서울 마포구 잔다리로 6길 29
38,서울청,서울마포,홍익,지구대,동교치안센터,서울 마포구 신촌로 2안길 27
39,서울청,서울마포,홍익,지구대,합정치안센터,서울 마포구 양화진길 32
40,서울청,서울마포,망원,파출소,망원2치안센터,서울 마포구 월드컵로 31길 18
41,서울청,서울영등포,중앙,지구대,영2치안센터,서울 영등포구 버드나루로 1-1
42,서울청,서울영등포,문래,지구대,도림치안센터,서울 영등포구 도신로 29길 13
43,서울청,서울영등포,신풍,지구대,신길3치안센터,서울 영등포구 신길로 179-2
44,서울청,서울영등포,신풍,지구대,신길5치안센터,서울 영등포구 신길로 23길 12
45,서울청,서울영등포,당산,파출소,양평2치안센터,서울 영등포구 선유로 53길 23
46,서울청,서울성동,한양,지구대,동마치안센터,서울 성동구 마장로42길 11
47,서울청,서울성동,한양,지구대,마장치안센터,서울 성동구 고산자로 332
48,서울청,서울성동,성수,지구대,경마치안센터,서울 성동구 왕십리로5길 5
49,서울청,서울성동,서울숲,지구대,성수1치안센터,서울 성동구 뚝섬로 364-1
50,서울청,서울성동,행당,파출소,하왕치안센터,서울 성동구 왕십리로 341
51,서울청,서울성동,옥수,파출소,금남치안센터,서울 성동구 독서당로 286-1
52,서울청,서울동작,흑석,지구대,노들치안센터,서울 동작구 현충로56
53,서울청,서울동작,흑석,지구대,흑석2치안센터,서울 동작구 현충로140-1
54,서울청,서울동작,상도,지구대,상도2치안센터,서울 동작구 장승배기로 73
55,서울청,서울동작,상도,지구대,상도4치안센터,서울 동작구 성대로29길 61
56,서울청,서울동작,상도,지구대,상도1치안센터,서울 동작구 상도로 62길 1
57,서울청,서울동작,남성,지구대,사당3치안센터,서울 동작구 동작대로43길6
58,서울청,서울동작,사당,지구대,사당4치안센터,서울 동작구 사당로 16아길 6
59,서울청,서울동작,사당,지구대,사당5치안센터,서울 동작구 사당로 138
60,서울청,서울동작,신대방,지구대,신대방2치안센터,서울 동작구 여의대방로 24길 106
61,서울청,서울동작,대방,파출소,상도3치안센터,서울 동작구 상도로 87
62,서울청,서울광진,자양,파출소,자양2치안센터,서울 광진구 자양로3가길 28
63,서울청,서울광진,광나루,지구대,구의3치안센터,서울 광진구 광나루로56길 4
64,서울청,서울서부,신사,지구대,신사1치안센터,서울 은평구 은평로 28
65,서울청,서울서부,신사,지구대,증산치안센터,서울 은평구 증산서길 82
66,서울청,서울서부,신사,지구대,수색치안센터,서울 은평구 수색로 261
67,서울청,서울서부,응암3,파출소,응암4치안센터,서울 은평구 가좌로7라길 1
68,서울청,서울강북,미아,지구대,동화치안센터,서울 강북구 솔매로49길 14
69,서울청,서울강북,미아,지구대,미아3치안센터,서울 강북구 삼양로54길 51
70,서울청,서울강북,솔샘,지구대,숭인치안센터,서울 강북구 도봉로39길
71,서울청,서울강북,수유2,파출소,우이치안센터,서울 강북구 삼양로672
72,서울청,서울강북,인수,파출소,수유6치안센터,서울 강북구 삼양로 457
73,서울청,서울금천,문성,지구대,독산3치안센터,서울 금천구 문성로 38
74,서울청,서울금천,문성,지구대,독산본치안센터,서울 금천구 시흥대로 148길 21-5
75,서울청,서울금천,백산,지구대,시흥4치안센터,서울 금천구 독산로50길 105
76,서울청,서울금천,백산,지구대,시흥5치안센터,서울 금천구 금하로24다길 7
77,서울청,서울금천,금천,파출소,시흥본치안센터,서울 금천구 금하로 11길 40
78,서울청,서울금천,금천,파출소,시흥3치안센터,서울 금천구 시흥대로37길 18
79,서울청,서울금천,독산,파출소,신독산치안센터,서울 금천구 한내로 69-17
80,서울청,서울중랑,망우,지구대,망우치안센터,서울 중랑구 망우로 540
81,서울청,서울중랑,망우,지구대,망우1치안센터,서울 중랑구 용마산로118길 103
82,서울청,서울중랑,망우,지구대,망우3치안센터,서울 중랑구 용마공원로5길 13
83,서울청,서울중랑,용마,지구대,면목4치안센터,서울 중랑구 답십리로 75길 61
84,서울청,서울중랑,용마,지구대,면목7치안센터,서울 중랑구 면목로 275
85,서울청,서울중랑,상봉,파출소,면목2치안센터,서울 중랑구 봉우재로6길 5
86,서울청,서울중랑,상봉,파출소,상봉2치안센터,서울 중랑구 봉우재로 93-5
87,서울청,서울중랑,면목본동,파출소,면목1치안센터,서울 중랑구 면목로66길 7
88,서울청,서울중랑,면목삼팔,파출소,면목8치안센터,서울 중랑구 용마산로 370
89,서울청,서울중랑,중화,지구대,중화1치안센터,서울 중랑구 동일로 792
90,서울청,서울강남,삼성1,파출소,코엑스치안센터,서울 영동대로 513
91,서울청,서울강남,청담,파출소,청담2치안센터,서울 강남구 삼성로 761
92,서울청,서울강남,압구정,파출소,압구정치안센터,서울 강남구 압구정로 33길 48
93,서울청,서울관악,당곡,지구대,보라매치안센터,서울 관악구 봉천로 279
94,서울청,서울관악,낙성대,지구대,행운치안센터,서울 관악구 남부순환로239길 8
95,서울청,서울관악,낙성대,지구대,인헌치안센터,서울 관악구 인헌6길 23
96,서울청,서울관악,신림,지구대,서원치안센터,서울 관악구 신원로 311
97,서울청,서울관악,신림,지구대,신원치안센터,서울 관악구 문성로27길 12-15
98,서울청,서울관악,신림,지구대,청룡2치안센터,서울 관악구 참숯1길 3
99,서울청,서울관악,관악산,지구대,대학동치안센터,서울 관악구 대학길 48
100,서울청,서울관악,관악산,지구대,삼성치안센터,서울 관악구 호암로 501
101,서울청,서울관악,구암,지구대,청림치안센터,서울 관악구 청림3마길 14-1
102,서울청,서울관악,난우,파출소,난곡치안센터,서울 관악구 난곡로 180-1
103,서울청,서울강서,화곡,지구대,화곡본동치안센터,서울 강서구 까치산로 51
104,서울청,서울강서,공항,지구대,개화2치안센터,서울 강서구 개화동로 275-1
105,서울청,서울강동,천호,지구대,천호2치안센터,서울 강동구 천호동 전중로 11-14
106,서울청,서울강동,천호,지구대,천호3치안센터,서울 강동구 천호동 천호대로 159길7
107,서울청,서울강동,길동,지구대,길동2치안센터,서울 강동구 천호대로 197길 96
108,서울청,서울강동,암사,지구대,암사1치안센터,서울 강동구 올림픽로 98가길 57
109,서울청,서울강동,암사,지구대,천호1치안센터,서울 강동구 구면천로 42길 59
110,서울청,서울강동,성내,지구대,성내2치안센터,서울 강동구 천호옛길 68-1
111,서울청,서울강동,강일,파출소,상일치안센터,서울 강동구 고덕로 360
112,서울청,서울강동,명일,파출소,명일1치안센터,서울 강동구 양재대로 138길37
113,서울청,서울종암,석관,파출소,석관1치안센터,서울 성북구 한천로76길11
114,서울청,서울종암,장위,지구대,장위1치안센터,서울 성북구 장위로 82
115,서울청,서울종암,장위,지구대,장위3치안센터,서울 성북구 한천로 701
116,서울청,서울종암,월곡,지구대,월곡2치안센터,서울 북구 화랑로 96
117,서울청,서울종암,월곡,지구대,길음2치안센터,서울 성북구 삼양로2길 70
118,서울청,서울종암,종암,파출소,종암2치안센터,서울 성북구 종암로 88
119,서울청,서울구로,신구로,지구대,구로치안센터,서울 구로구 경인로 577-1
120,서울청,서울구로,신구로,지구대,신도림치안센터,서울 구로구 신도림로 40
121,서울청,서울구로,구일,지구대,구로1치안센터,서울 구로구 구일로 52
122,서울청,서울구로,구일,지구대,구로2치안센터,서울 구로구 구로동로 141
123,서울청,서울구로,고척,지구대,고척1치안센터,서울 구로구 중앙로 3
124,서울청,서울구로,고척,지구대,개봉1치안센터,서울 구로구 고척로27길 27
125,서울청,서울구로,개봉,지구대,개봉치안센터,서울 구로구 경인로 293
126,서울청,서울구로,개봉,지구대,개봉3치안센터,서울 구로구 개봉로 1가길 28
127,서울청,서울구로,오류,지구대,수궁치안센터,서울 구로구 부일로 1길 68
128,서울청,서울서초,반포,지구대,반포치안센터,서울 서초구 주흥15길 41
129,서울청,서울서초,반포,지구대,잠원치안센터,서울 서초구 나루터로 38
130,서울청,서울서초,서초3,파출소,방서치안센타,서울 서초구 명달로 55
131,서울청,서울서초,내곡,파출소,염곡치안센터,서울 서초구 염곡말길 9
132,서울청,서울서초,우면,파출소,우면치안센터,서울 서초구 바우뫼로 45
133,서울청,서울양천,목1,지구대,목6치안센터,서울 양천구 목동서로 11
134,서울청,서울양천,목2,지구대,목2치안센터,서울 양천구 목동중앙본로 27길 25
135,서울청,서울양천,목2,지구대,목4치안센터,서울 양천구목동중앙로23
136,서울청,서울양천,신정2,지구대,신정2치안센터,서울 양천구 목동동로 152
137,서울청,서울양천,신정2,지구대,신정5치안센터,서울 양천구 오목로 175
138,서울청,서울양천,신월2,지구대,신월2치안센터,서울 양천구 신월로 224-5
139,서울청,서울양천,신월2,지구대,신월4치안센터,서울 양천구 오목로5길 34
140,서울청,서울양천,신월5,파출소,신월3치안센터,서울 양천구 가로공원로 101
141,서울청,서울송파,방이,지구대,송파1치안센터,서울 송파구 백제고분로 392
142,서울청,서울송파,잠실,지구대,잠실본동치안센터,서울 송파구 백제고분로 15길 5
143,서울청,서울송파,잠실,지구대,잠실5치안센터,서울 송파구 잠실로 51-29
144,서울청,서울송파,삼전,지구대,석촌치안센터,서울 송파구 백제고분로 37길 20
145,서울청,서울송파,가락,지구대,가락2치안센터,서울 송파구 오금로 46길 55
146,서울청,서울송파,가락,지구대,문정2치안센터,서울 송파구 중대로 18
147,서울청,서울송파,문정,지구대,장지치안센터,서울 송파구 성남대로 1576
148,서울청,서울송파,마천,파출소,마천1치안센터,서울 송파구 성내천로 43가길 14-1
149,서울청,서울송파,풍납,파출소,풍납1치안센터,서울 송파구 풍성로 25길 17
150,서울청,서울송파,신천,파출소,월드치안센터,서울 송파구 송파대로 567 지하1층
151,서울청,서울노원,당현,지구대,하계1치안센터,서울 노원구 공릉로 290
152,서울청,서울노원,당현,지구대,하계2치안센터,서울 노원구 공릉로55길96
153,서울청,서울노원,월계,지구대,월계치안센터,서울 노원구 석계로 93
154,서울청,서울노원,월계,지구대,월계2치안센터,서울 노원구 초안산로 2
155,서울청,서울노원,월게,지구대,월계3치안센터,서울 노원구 마들로 55
156,서울청,서울노원,화랑,지구대,공릉치안센터,서울 노원구 공릉로 189
157,서울청,서울노원,화랑,지구대,공릉2치안센터,서울 노원구 노원로1길2
158,서울청,서울노원,불암,지구대,중계본치안센터,서울 노원구 중계로 139
159,서울청,서울노원,당고개,파출소,상계4치안센터,서울 노원구 상계로35길29
160,서울청,서울노원,마들,지구대,상계8치안센터,서울 노원구 동일로227길97
161,서울청,서울노원,노원역,지구대,상계2치안센터,서울 노원구 상계로 23길17
162,서울청,서울방배,남태령,지구대,방배3치안센터,서울 서초구 방배로 40
163,서울청,서울방배,서래,파출소,구반포치안센터,서울 서초구 신반포로15길 14
164,서울청,서울방배,이수,파출소,방배4치안센터,서울 서초구 방배중앙로 131
165,서울청,서울은평,불광,지구대,불광1치안센터,서울 은평구 불광로 129
166,서울청,서울은평,불광,지구대,불광2치안센터,서울 은평구 통일로 914
167,서울청,서울은평,연신내,지구대,구산치안센터,서울 은평구 갈현로 151
168,서울청,서울은평,연신내,지구대,갈현치안센터,서울 은평구 갈현로 41길 3
169,서울청,서울은평,진관,파출소,신도치안센터,서울 은평구 진관2로 125
170,서울청,서울은평,진관,파출소,상림치안센터,서울 은평구 진관4로 48-25
171,서울청,서울은평,역촌,파출소,역촌1치안센터,서울 은평구 연서로6길 19
172,서울청,서울도봉,신방학,파출소,방학2치안센터,서울 도봉구 방학로 12길 18
173,서울청,서울도봉,숭미,파출소,쌍문1치안센터,서울 도봉구 우이천로 401
174,서울청,서울수서,도곡,지구대,도곡치안센터,서울 강남구 남부순환로378길29
175,서울청,서울수서,도곡,지구대,역서치안센터,서울 강남구 역삼로 117
176,서울청,서울수서,대치,지구대,은마치안센터,서울 강남구 삼성로 236
177,서울청,서울수서,개포,파출소,개포치안센터,서울 강남구 개포로 310-15
178,서울청,서울수서,일원,파출소,개원치안센터,서울 강남구 영동대로3길 5
179,서울청,서울수서,수서,파출소,수서역치안센터,서울 강남구 밤고개로 99
180,부산청,부산중부,남포,지구대,중앙치안센터,충장대로5번길 15
181,부산청,부산중부,부평,파출소,창선치안센터,광복중앙로1
182,부산청,부산동래,내성,지구대,수안치안센터,부산 동래구 명륜로112번길 46
183,부산청,부산동래,내성,지구대,복산치안센터,부산 동래구 동래로159번길23
184,부산청,부산동래,충렬,지구대,명장1치안센터,부산 동래구 명장로 31
185,부산청,부산동래,충렬,지구대,명장2치안센터,부산 동래구 명서로 111
186,부산청,부산동래,충렬,지구대,안락2치안센터,부산 동래구 명안로10번길 100
187,부산청,부산동래,온천,지구대,온천2치안센터,부산 동래구 우장춘로32번길 6
188,부산청,부산동래,사직,지구대,사직1치안센터,부산 동래구 아시아드대로 181
189,부산청,부산동래,사직,지구대,사직2치안센터,부산 동래구 사직북로63번길 22
190,부산청,부산영도,영선,지구대,영선2치안센터,부산 영도구 남항 새싹3길 2
191,부산청,부산영도,영선,지구대,남항치안센터,부산 영도구 절영로 91
192,부산청,부산영도,영선,지구대,신선치안센터,부산 영도구 하나길 402
193,부산청,부산영도,동삼,지구대,동삼2치안센터,부산 영도구 태종로 618
194,부산청,부산영도,동삼,지구대,동삼3치안센터,부산 영도구 상리로 41
195,부산청,부산영도,청학,파출소,청학1치안센터,부산 영도구 하나길 813
196,부산청,부산영도,대교,파출소,봉래치안센터,부산 영도구 봉래길 120
197,부산청,부산동부,초량,지구대,초량2치안센터,동구 중앙대로 251번길 42
198,부산청,부산동부,초량,지구대,역전치안센터,동구 중앙대로 206
199,부산청,부산동부,수성,지구대,수정치안센터,동구 진성로 21번길 13-3
200,부산청,부산동부,좌천,파출소,좌천4치안센터,동구 증산동로 11
201,부산청,부산부산진,부전,지구대,범전치안센터,진구 범전로32번길35
202,부산청,부산부산진,부전,지구대,시민공원치안센터,진구 시민공원로73
203,부산청,부산부산진,서면,지구대,중앙치안센터,진구 중앙대로702번길47
204,부산청,부산부산진,서면,지구대,부전2치안센터,진구 부전로33
205,부산청,부산부산진,당감,지구대,당감1치안센터,진구 백양대로50
206,부산청,부산부산진,당감,지구대,당감4치안센터,진구 당감서로80번길16
207,부산청,부산부산진,당감,지구대,개금3치안센터,진구 개금본동90
208,부산청,부산부산진,성지,지구대,연지치안센터,진구 새싹로166
209,부산청,부산부산진,성지,지구대,대공원치안센터,진구 성지곡로3
210,부산청,부산부산진,가야,지구대,가야1치안센터,진구 대학로7
211,부산청,부산부산진,가야,지구대,개금1치안센터,진구 냉정로191-1
212,부산청,부산부산진,부암,지구대,부암3치안센터,진구 백양순환로119번길 12-5
213,부산청,부산부산진,양정,지구대,양정2치안센터,진구 중앙대로961
214,부산청,부산부산진,전포,파출소,전포2치안센터,진구 전포대로276번길1
215,부산청,부산서부,구덕,지구대,동대치안센터,부산시 서구 망양로 61
216,부산청,부산서부,구덕,지구대,서대치안센터,부산시 서구 낙동대로 2-2
217,부산청,부산남부,문현,지구대,문현2치안센터,남구 전포대로 104
218,부산청,부산남부,문현,지구대,문현4치안센터,남구 지게골로 17
219,부산청,부산남부,용호,지구대,용호1치안센터,남구 용호로42번길 27
220,부산청,부산남부,용호,지구대,용호2치안센터,남구 용호로 215
221,부산청,부산남부,용호,지구대,용호3치안센터,남구 용호로159번길 15
222,부산청,부산남부,대연,지구대,대연1치안센터,남구 유엔평화로13번길 63
223,부산청,부산남부,대연,지구대,대연4치안센터,남구 유엔로 152
224,부산청,부산남부,광남,지구대,남천1치안센터,수영구 수영로 446
225,부산청,부산남부,광남,지구대,남천2치안센터,수영구 남천동로 76
226,부산청,부산남부,광남,지구대,광안4치안센터,수영구 수영로 553-7
227,부산청,부산남부,광민,지구대,광안1치안센터,수영구 수영로 635
228,부산청,부산남부,광민,지구대,민락2치안센터,수영구 무학로63번길 103
229,부산청,부산해운대,재송,지구대,재송2치안센터,해운대구 해운대로81번길 117
230,부산청,부산해운대,우동,지구대,역전치안센터,해운대구 해운대로 612
231,부산청,부산해운대,우동,지구대,우1치안센터,해운대구 우동1로 56
232,부산청,부산해운대,중동,지구대,중1치안센터,해운대구 중동1로37번길 22
233,부산청,부산해운대,좌동,지구대,좌2치안센터,해운대구 양운로 39
234,부산청,부산해운대,좌동,지구대,좌3치안센터,해운대구 좌동순환로 20
235,부산청,부산해운대,반여23,파출소,반여3치안센터,해운대구 재반로270번길 14
236,부산청,부산사상,삼락,지구대,모라1치안센터,사상구 사상로 509
237,부산청,부산사상,삼락,지구대,모라3치안센터,사상구 모라로110번길 101
238,부산청,부산사상,감전,지구대,괘법치안센터,사상구  사상로 202번길 27
239,부산청,부산사상,주례,지구대,주례1치안센터,사상구 사상로 12
240,부산청,부산사상,덕포,파출소,덕포2치안센터,사상구 모덕로 84
241,부산청,부산금정,범어,지구대,구서1치안센터,금정구 금강로415번길8(구서동)
242,부산청,부산금정,범어,지구대,구서2치안센터,금정구 금강로565번길23(구서동)
243,부산청,부산금정,부곡,지구대,부곡1치안센터,금정구 서동로 9
244,부산청,부산금정,부곡,지구대,부곡3치안센터,금정구 오륜대로 17-1
245,부산청,부산금정,장전,지구대,장전1치안센터,금정구 금정로 140
246,부산청,부산금정,장전,지구대,장전2치안센터,금정구 금샘로 4
247,부산청,부산금정,서금,지구대,서1치안센터,금정구 동현로126
248,부산청,부산금정,서금,지구대,서2치안센터,금정구 서동로194번길 32
249,부산청,부산금정,서금,지구대,서3치안센터,금정구 서동로141
250,부산청,부산금정,서금,지구대,회동치안센터,금정구 금사로173-1
251,부산청,부산사하,괴정,지구대,괴정2치안센터,사하구 다대로 46
252,부산청,부산사하,괴정,지구대,괴정3치안센터,사하구 낙동대로 188
253,부산청,부산사하,괴정,지구대,괴정4치안센터,사하구 낙동대로323번길 15
254,부산청,부산사하,하단,지구대,하단2치안센터,사하구 낙동남로1423번길 106
255,부산청,부산사하,하단,지구대,당리치안센터,사하구 낙동대로390번길 5
256,부산청,부산사하,감천,지구대,감천2치안센터,사하구 옥천로 91
257,부산청,부산사하,감천,지구대,구평치안센터,사하구 을숙도대로 721
258,부산청,부산사하,다대,지구대,다대1치안센터,사하구 다대동로 66
259,부산청,부산사하,신평,파출소,신평1치안센터,사하구 신산로171
260,부산청,부산사하,장림,파출소,장림1치안센터,사하구 장림로 184번길 23
261,부산청,부산연제,연일,지구대,연산5치안센터,월드컵대로165번길 70
262,부산청,부산연제,토곡,지구대,연산8치안센터,과정로 227
263,부산청,부산연제,거제,지구대,거제1치안센터,거제대로 286번길6
264,부산청,부산연제,거제,지구대,거제2치안센터,금용로 11
265,부산청,부산연제,망미1,파출소,망미치안센터,망미배산로 30번길34
266,부산청,부산북부,화명,지구대,화명1치안센터,부산광역시 북구 와석장터로3-1
267,부산청,부산북부,덕천,지구대,덕천2치안센터,부산광역시 북구 금곡대로 20번길 62
268,부산청,부산북부,만덕,지구대,만덕1치안센터,부산광역시 북구 만덕1로 12
269,부산청,부산북부,구포,지구대,구포1치안센터,부산광역시 북구 구포만세길 169
270,부산청,부산북부,구포,지구대,구포2치안센터,부산광역시 북구 구남언덕로 1
271,대구청,대구중부,남산,지구대,남문치안센터,대구광역시 중구 명덕로 95
272,대구청,대구중부,남산,지구대,신남치안센터,대구광역시 중구 명덕로 35길 41
273,대구청,대구중부,동덕,지구대,동인치안센터,대구광역시 중구 동덕로 180
274,대구청,대구중부,동덕,지구대,대봉치안센터,대구광역시 중구 명륜로 152
275,대구청,대구중부,서문,지구대,서문시장치안센터,대구광역시 중구 큰장로28길 2
276,대구청,대구중부,서문,지구대,역전치안센터,대구광역시 중구 태평로 140
277,대구청,대구동부,큰고개,지구대,신암4동 치안센터,대구광역시 동구 아양로 141
278,대구청,대구동부,큰고개,지구대,신암5동 치안센터,대구광역시 동구 아양로39길 48-1
279,대구청,대구동부,남신암,지구대,신천치안센터,대구광역시 동구 국채보상로159길 41
280,대구청,대구동부,남신암,지구대,신암1치안센터,대구광역시 동구 아양로7길 43
281,대구청,대구동부,동대구,지구대,효목2동 치안센터,대구광역시 동구 동부로 234
282,대구청,대구동부,동대구,지구대,신천3동 치안센터,대구광역시 동구 송라로2길 5
283,대구청,대구동부,동대구,지구대,동대구역 치안센터,대구광역시 동구 동대구로 527
284,대구청,대구동부,안심,지구대,용계 치안센터,대구광역시 동구 동촌로 390
285,대구청,대구동부,동촌,지구대,방촌치안센터,대구광역시 동구 동촌로 293
286,대구청,대구동부,동내혁신,파출소,대림치안센터,대구광역시 동구 혁신대로 517
287,대구청,대구동부,봉무불로,파출소,불로치안센터,대구광역시 동구 팔공로24길 7
288,대구청,대구서부,평산,지구대,북비산치안센터,대구광역시 서구 달서로 187-1
289,대구청,대구서부,평산,지구대,평리치안센터,대구광역시 서구 문화로49길 8
290,대구청,대구서부,평산,지구대,원평치안센터,대구광역시 서구 북비산로 261
291,대구청,대구서부,서도,지구대,내당1동치안센터,대구광역시 서구 통학로 33
292,대구청,대구서부,서도,지구대,내당2동치안센터,대구광역시 서구 큰장로 69
293,대구청,대구서부,비원,지구대,비산7동치안센터,대구광역시 서구 염색공단로 21
294,대구청,대구남부,봉천,지구대,이천치안센터,대구광역시  남구 대봉로 106
295,대구청,대구남부,봉천,지구대,덕천치안센터,대구광역시  남구 앞산순환로 688
296,대구청,대구남부,동대명,지구대,명동치안센터,대구광역시  남구 성당로 48길 68
297,대구청,대구북부,고성,지구대,칠성치안센터,대구광역시  북구 칠성시장로 61-5
298,대구청,대구북부,노원,지구대,3공단치안센터,대구광역시  북구 노원로 25길 23
299,대구청,대구북부,노원,지구대,노원2가치안센터,대구광역시  북구 팔달로 41길 59-1
300,대구청,대구북부,복현,지구대,복현치안센터,대구광역시  북구 경진로1길 50
301,대구청,대구북부,복현,지구대,검단치안센터,대구광역시  북구 검단로 162
302,대구청,대구수성,고산,지구대,고산1동치안센터,대구광역시  수성구 신매로 86
303,대구청,대구수성,고산,지구대,고산2동치안센터,대구광역시  수성구 시지로 46
304,대구청,대구수성,만촌,지구대,만촌1동치안센터,대구광역시  수성구 무열로 196
305,대구청,대구수성,범어,지구대,범어3동치안센터,대구광역시  수성구 범어천로 147
306,대구청,대구수성,범어,지구대,수성치안센터,대구광역시  수성구 들안로54길 26
307,대구청,대구수성,상동,지구대,중동치안센터,대구광역시  수성구 희망로 90
308,대구청,대구수성,지산,지구대,지산2동치안센터,대구광역시  수성구 용학로33길 15
309,대구청,대구수성,지산,지구대,범물치안센터,대구광역시  수성구 범안로 78
310,대구청,대구수성,황금,지구대,황금2동치안센터,대구광역시 수성구 들안로42길 17
311,대구청,대구수성,황금,지구대,범어4동치안센터,대구광역시  수성구 청호로 421-9
312,대구청,대구달서,대곡,파출소,도원치안센터,대구광역시 달서구 한실로 115
313,대구청,대구달서,상인,지구대,상인2동치안센터,대구광역시 달서구 상원로 32
314,대구청,대구달서,상인,지구대,상인3동치안센터,대구광역시 달서구 상인로 21
315,대구청,대구달서,송현,지구대,송현1동치안센터,대구광역시 달서구 월배로 382
316,대구청,대구달서,월배,지구대,유천치안센터,대구광역시 달서구 월배로 16
317,대구청,대구달성,논공,파출소,위천치안센터,대구광역시 달성군 논공읍 성산로 1283
318,대구청,대구달성,하빈,파출소,동곡치안센터,대구광역시 달성군 하빈면 달구벌대로 182
319,대구청,대구달성,다사,파출소,다사치안센터,대구광역시 달성군 다사읍 달구벌대로 800-1
320,대구청,대구강북,강북,지구대,칠곡치안센터,대구광역시 북구 칠곡중앙대로 563
321,대구청,대구강북,동천,지구대,태전치안센터,대구광역시 북구 칠곡중앙대로 274
322,대구청,대구강북,관문,파출소,매천치안센터,대구광역시 북구 매천로동17길61
323,인천청,인천중부,신흥,지구대,도원치안센터,중구 샛골로 52
324,인천청,인천중부,송현,지구대,화평치안센터,동구 화도진로 61
325,인천청,인천중부,용유,파출소,대무의치안센터,중구 대무의로 310-11
326,인천청,인천중부,영흥,파출소,승봉치안센터,옹진군 자월면 승봉로 45-15
327,인천청,인천중부,영흥,파출소,대이작치안센터,옹진군 자월면 대이작로 27
328,인천청,인천중부,영흥,파출소,소이작치안센터,옹진군 자월면 소이작로 44
329,인천청,인천중부,영흥,파출소,자월치안센터,옹진군 자월면 자월서로 101번길 164
330,인천청,인천중부,북도,파출소,장봉치안센터,옹진군 북도면 장봉로 519번길 36
331,인천청,인천중부,덕적,파출소,울도치안센터,옹진군 덕적면 울도로 200
332,인천청,인천중부,덕적,파출소,문갑치안센터,옹진군 덕적면 문갑1길 6
333,인천청,인천중부,연평,파출소,소연평치안센터,옹진군 연평면 소연평로 19-7
334,인천청,인천중부,대청,파출소,소청치안센터,옹진군 대청면 소청동로 76번길 21
335,인천청,인천미추홀,도화,지구대,도화2치안센터,남구 숙골로 43번길 158-29
336,인천청,인천미추홀,숭의,지구대,제물포치안센터,남구 수봉로 14
337,인천청,인천미추홀,문학,지구대,관교치안센터,남구 인하로 448
338,인천청,인천미추홀,학동,지구대,용남치안센터,남구 인하로 150-1
339,인천청,인천미추홀,주안2,파출소,주안3치안센터,남구 인하로 196
340,인천청,인천남동,구월,지구대,구월1치안센터,남동구 용천로 19
341,인천청,인천남동,간석,지구대,간석1치안센터,남동구 구월로 137번길 39
342,인천청,인천남동,간석,지구대,간석3치안센터,남동구 간석로 41번길 18
343,인천청,인천부평,동암,지구대,십정치안센터,부평구 아트센터로 74
344,인천청,인천부평,청천,지구대,청천1치안센터,부평구 마장로 443
345,인천청,인천서부,석남,지구대,신현치안센터,서구 가정로 333번길 1
346,인천청,인천서부,석남,지구대,석남2치안센터,서구 거북로 118
347,인천청,인천서부,가좌,지구대,가좌4치안센터,서구 고래울로 20번길 8
348,인천청,인천계양,계산,지구대,서운치안센터,계양구 효서로 367
349,인천청,인천계양,효성,지구대,작전치안센터,계양구 계양대로 33
350,인천청,인천계양,계양산,지구대,임학치안센터,계양구 장제로 885
351,인천청,인천계양,효성,지구대,효성2치안센터,계양구 마장로 557
352,인천청,인천강화,삼산,파출소,서검치안센터,강화군 삼산면 서검로 156-1
353,인천청,인천강화,서도,파출소,볼음치안센터,강화군 서도면 볼음도길 224
354,인천청,인천연수,연수,지구대,연수1치안센터,연수구 먼우금로 289
355,인천청,인천연수,동춘,지구대,옥련치안센터,연수구 비류대로 215
356,인천청,인천계양,효성,지구대,효성2치안센터,계양구 마장로 557
357,인천청,인천논현,만월,지구대,만수1치안센터,남동구 백범로 101번길 49
358,인천청,인천논현,논현,지구대,논현치안센터,남동구 장도로 51
359,광주청,광주동부,금남,지구대,충장치안센터,동구 충장로 64
360,광주청,광주서부,상무,지구대,상무 지하철 출장소,서구 상무대로 777
361,광주청,광주서부,상무,지구대,치평치안센터,서구 상무공원로 60
362,광주청,광주서부,금호,지구대,서창치안센터,서구 눌재로 258
363,광주청,광주서부,농성,파출소,양동치안센터,서구 경열로149
364,광주청,광주서부,동천,파출소,광천치안센터,서구 죽봉대로 118
365,대전청,대전중부,남대전,지구대,석교치안센터,중구 옥계로 369
366,대전청,대전중부,서대전,지구대,태평치안센터,중구 태평로 93
367,대전청,대전중부,유등,지구대,문화2치안센터,중구 보문산로 193
368,대전청,대전중부,유등,지구대,산성치안센터,중구 대둔산로 365
369,대전청,대전중부,선화,파출소,중앙로치안센터,중구 중앙로 152
370,대전청,대전동부,용전,지구대,홍도치안센터,동구 동산초교로 23번길 7
371,대전청,대전동부,대전역,지구대,인동치안센터,동구 충무로 202
372,대전청,대전동부,가양,지구대,가양1치안센터,동구 우암로 190
373,대전청,대전동부,가양,지구대,자양치안센터,동구 동대전로 166
374,대전청,대전동부,판암,파출소,용운치안센터,동구 용운로 124-1
375,대전청,대전서부,도마,지구대,도마1치안센터,서구 도화공원길 7
376,대전청,대전서부,내동,지구대,용문치안센터,서구 계룡로 673
377,대전청,대전서부,구봉,지구대,기성치안센터,서구 벌곡로 672
378,대전청,대전서부,가수원,파출소,정림치안센터,서구 정림동로 8-5
379,대전청,대전대덕,중리,지구대,대화치안센터,대덕구 대화로 79
380,대전청,대전대덕,송촌,지구대,비래치안센터,대덕구 동서대로 1819
381,대전청,대전둔산,둔산,지구대,탄방치안센터,서구 탄방로 7번길 99
382,대전청,대전둔산,월평,지구대,월평1치안센터,서구 월평서로 13-1
383,대전청,대전둔산,도룡,지구대,신성치안센터,유성구 신성로 71
384,대전청,대전둔산,도룡,지구대,어은치안센터,유성구 농대로 20
385,대전청,대전둔산,도룡,지구대,전민치안센터,유성구 엑스포로 466번길 55
386,울산청,울산중부,병영,지구대,복산치안센터,중구 한울길 1
387,울산청,울산중부,학성,지구대,성남1치안센터,중구 만남의 거리 11
388,울산청,울산중부,태화,지구대,다운치안센터,중구 다운로 87
389,울산청,울산남부,야음,지구대,장생포치안센터,남구 장생포고래로 185
390,울산청,울산남부,야음,지구대,신선치안센터,남구 중앙로 25
391,울산청,울산울주,삼남,파출소,삼동치안센터,울산시 울주군 삼동면 사촌길 17
392,울산청,울산울주,두동,파출소,두서치안센터,울산시 울주군 두서면 인보호 92
393,경기남부청,수원중부,화서문,지구대,영화치안센터,수원시 장안구 영화로 46
394,경기남부청,수원중부,화서문,지구대,정자치안센터,수원시 장안구 장안로115번길 38
395,경기남부청,안양동안,비산,지구대,운동장치안센터,안양시 동안구 평촌대로 372
396,경기남부청,안양만안,명학,지구대,냉천치안센터,현충로48번길 59
397,경기남부청,안양만안,안양,지구대,중앙치안센터,냉천로193번길 36
398,경기남부청,안양만안,안양,지구대,만안치안센터,안양로372번길 9-10
399,경기남부청,안양만안,석수,지구대,관악치안센터,안양로532번길 17
400,경기남부청,군포,금정,파출소,산본치안센터,경기 군포시 군포로 761번길 69
401,경기남부청,성남수정,신흥,지구대,신흥1치안센터,성남시 수정구 시민로 163번길 19(신흥1동)
402,경기남부청,성남수정,태평4,파출소,신흥2치안센터,성남시 수정구 수정로 279번길 5(신흥2동)
403,경기남부청,성남수정,단대,파출소,양지치안센터,성남시 수정구 산성대로 595번길 5
404,경기남부청,성남중원,도촌,파출소,하대원치안센터,경기 성남시 중원구 둔촌대로 217번길 3
405,경기남부청,분당,야탑,지구대,야탑3치안센터,경기도 성남시분당구 판교로 679
406,경기남부청,분당,야탑,지구대,이매치안센터,경기도 성남시 분당구 성남대로779번길 60
407,경기남부청,분당,서현,지구대,장안치안센터,경기도 성남시분당구 장안로26번길 10
408,경기남부청,분당,수내,파출소,내정치안센터,경기도 성남시분당구 내정로166번길 19
409,경기남부청,부천소사,송내,지구대,송일치안센터,경기도 부천시 소사구 중동로 45
410,경기남부청,부천소사,송내,지구대,심일치안센터,경기도 부천시 소사구 경인로 199-1
411,경기남부청,부천소사,소사,지구대,소삼치안센터,경기도 부천시 소사구 은성로51번길 10
412,경기남부청,부천소사,범박,지구대,역삼치안센터,경기도 부천시 소사구 경인로 500-1
413,경기남부청,부천오정,내동,지구대,오정치안센터,경기 부천시 오정구 부천로478번길 34(오정동)
414,경기남부청,광명,철산,지구대,철산1치안센터,광명시 광복로38번길 3(철산동)
415,경기남부청,안산단원,대부,파출소,풍도치안센터,안산시 단원구 풍도길 8
416,경기남부청,시흥,능곡,파출소,목감치안센터,경기도 시흥시 동서로 1115목감치안센터
417,경기남부청,평택,평택,지구대,성내치안센터,평택시 평택로 55
418,경기남부청,화성서부,서신,파출소,제부치안센터,화성시 서신면 해안길421-5
419,경기남부청,화성서부,우정,파출소,국화도치안센터,화성시 우정읍 국화길 26
420,경기남부청,과천,과천,지구대,대공원치안센터,경기 과천 대공원 광장로 104 
421,경기남부청,과천,과천,지구대,선암치안센터,경기 과천 뒷골2로 4-8
422,경기남부청,이천,아미,파출소,단월치안센터,이천시 단월로 53
423,경기남부청,안성,내리,파출소,미양치안센터,안성시 미양면 양지길 19
424,경기남부청,안성,보개,파출소,고삼치안센터,안성시 고삼면 고삼호수로 9
425,경기남부청,안성,금광,파출소,서운치안센터,안성시 서운면 서운중앙길 43
426,경기남부청,양평,단월,파출소,봉상치안센터,경기도 양평군 단월면 경강로 3526
427,경기북부청,의정부,신곡,지구대,동부치안센터,의정부시 행복로 9-1
428,경기북부청,의정부,가능,지구대,북부치안센터,의정부시 신촌로 63번길 8
429,경기북부청,의정부,신곡,지구대,장암치안센터,의정부시 장곡로 205번길 21
430,경기북부청,일산동부,마두,지구대,마두2치안센터,일산동구강송로165
431,경기북부청,일산서부,가좌,파출소,송포치안센터,일산서구대화로166
432,강원청,춘천,후평,지구대,동면치안센터,춘천시 동면 가산로 4
433,강원청,춘천,남부,지구대,동산치안센터,춘천시 동산면 영서로 414
434,강원청,춘천,소양로,지구대,동부동치안센터,춘천시 옥천길 8
435,강원청,춘천,신북,파출소,북산치안센터,춘천시 북산면 춘양로 1555
436,강원청,춘천,남산,파출소,남면치안센터,춘천시 남면 소주고개로 8-1
437,강원청,춘천,서면,파출소,의암치안센터,춘천시 서면 박사로 266
438,강원청,강릉,동부,지구대,경포치안센터,강릉시 해안로 498
439,강원청,강릉,북부,지구대,사천치안센터,강릉시 사천면 미노길 66
440,강원청,강릉,서부,지구대,성산치안센터,강릉시 성산면 구산길 54
441,강원청,원주,봉산,지구대,소초치안센터,원주시 소초면 치악로 2788
442,강원청,원주,흥업,지구대,귀래치안센터,원주시 귀래면 북원로 110
443,강원청,원주,북원,지구대,호저치안센터,원주시 호저면 호저로 404
444,강원청,원주,치악,지구대,신림치안센터,원주시 신림면 치악로 30
445,강원청,원주,문막,파출소,지정치안센터,원주시 지정면 간현로 140
446,강원청,동해,천곡,지구대,송정치안센터,동해시 대동로 375
447,강원청,동해,북삼,지구대,삼화치안센터,동해시 효자로 251
448,강원청,동해,묵호,지구대,부곡치안센터,동해시 발한로 73
449,강원청,동해,묵호,지구대,망상치안센터,동해시 동해대로 6265
450,강원청,태백,황지,지구대,사조치안센터,태백시 역둔원동로 1412
451,강원청,태백,황지,지구대,화전치안센터,태백시 황지로 288
452,강원청,속초,영랑,지구대,중앙치안센터,속초시 중앙로 166
453,강원청,속초,청초,지구대,설악치안센터,속초시 청봉로5길 41
454,강원청,속초,양양,지구대,손양치안센터,양양군 손양면 손중로 177
455,강원청,삼척,정라,파출소,교동치안센터,삼척시 중앙로 279
456,강원청,삼척,근덕,파출소,노곡치안센터,삼척시 노곡면 노곡로 15
457,강원청,삼척,도계,파출소,신기치안센터,삼척시 신기면 신기역길 24
458,강원청,삼척,원덕,파출소,가곡치안센터,삼척시 가곡면 오저길 8
459,강원청,삼척,원덕,파출소,도경계 치안센터,삼척시 원덕읍 동해대로 77
460,강원청,영월,영월,지구대,북면치안센터,영월군 북면 마차중앙1길 44
461,강원청,영월,중동,파출소,상동치안센터,영월군 상동읍 상동시장길 14
462,강원청,영월,한반도,파출소,쌍용치안센터,영월군 한반도면 쌍용로 230
463,강원청,영월,주천,파출소,무릉도원치안센터,영월군 수주면 도원운학로 255-1
464,강원청,정선,정선,파출소,북평치안센터,정선군 북평면 북평1길 43-15
465,강원청,정선,정선,파출소,광하치안센터,정선군 정선읍 정선로 569
466,강원청,정선,신동,파출소,함백치안센터,정선군 신동읍 함백로 332
467,강원청,홍천,희망,지구대,동면치안센터,홍천군 동면 공작산로 491
468,강원청,홍천,희망,지구대,북방치안센터,홍천군 북방면 두개비산로 328
469,강원청,홍천,희망,지구대,연봉치안센터,홍천군 홍천읍 연봉관터길 4
470,강원청,평창,평창,지구대,운교치안센터,평창군 방림면 서동로 275
471,강원청,평창,평창,지구대,방림치안센터,평창군 방림면 서동로 1587
472,강원청,평창,평창,지구대,미탄치안센터,평창군 미탄면 미탄중앙로 33
473,강원청,평창,중부,지구대,용평치안센터,평창군 용평면 경강로 2003-3
474,강원청,횡성,횡성,지구대,신촌치안센터,횡성군 공근면 경강로 1520
475,강원청,횡성,횡성,지구대,공근치안센터,횡성군 공근면 영서로 239
476,강원청,횡성,안흥,파출소,강림치안센터,횡성군 강림면 강림시장길 25
477,강원청,횡성,청일,파출소,갑천치안센터,횡성군 갑천면 청정로 261
478,강원청,횡성,서원,파출소,유현치안센터,횡성군 서원면 경강로 483
479,강원청,고성,금강,파출소,현내치안센터,고성군 현내면 금강산로 151
480,강원청,고성,간성,파출소,수동치안센터,고성군 간성읍 진부령로 2009-5
481,강원청,인제,북면,파출소,한계치안센터,인제군 북면 설악로 3341
482,강원청,인제,북면,파출소,용대치안센터,   인제군 북면 미시령로 1114
483,강원청,인제,기린,파출소,상남치안센터,인제군 상남면 상남로 29
484,강원청,철원,동송,지구대,오덕치안센터,철원군 동송읍 오덕로 154
485,강원청,철원,동송,지구대,관전치안센터,철원군 철원읍 금학로273번길 15-4
486,강원청,철원,김화,파출소,자등치안센터,철원군 서면 자등로 599
487,강원청,철원,김화,파출소,근남치안센터,철원군 근남면 하오재로 2066
488,충북청,청주상당,미원,파출소,낭성치안센터,충북 청주시 상당구 낭성 시내길 31
489,충북청,청주청원,율량,지구대,사천치안센터,충북 청주시 청원구 율천북로 29
490,충북청,청주청원,내수,파출소,북이치안센터,충북 청주시 청원구 북이면 충청대로 1139
491,충북청,충주,서충주,지구대,주덕치안센터,충북 충주시 주덕읍 충청대로 2447
492,충북청,충주,서충주,지구대,신니치안센터,충북 충주시 신니면 신덕로 784
493,충북청,충주,엄정,지구대,소태 치안센터,충북 충주시 소태면 소태로 247
494,충북청,충주,엄정,지구대,산척치안센터,충북 충주시 산척면 천등박달로 141
495,충북청,충주,수안보,파출소,살미 치안센터,충북 충주시 살미면 세성로 58
496,충북청,충주,중앙탑,파출소,노은 치안센터,충북 충주시 노은면 연하중앙길 32
497,충북청,충주,금가,파출소,동량치안센터,충북 충주시 조동1길 55
498,충북청,제천,강저,지구대,금성치안센터,충북 제천시 금성면 청풍호로1043
499,충북청,제천,청전,지구대,송학치안센터,충북 제천시 송학면 송학로 199
500,충북청,제천,봉양,파출소,백운치안센터,충북 제천시 백운면 천등박달로1344
501,충북청,제천,청풍,파출소,수산치안센터,충북 제천시 수산면 월악로 26길47
502,충북청,제천,덕산,파출소,한수치안센터,충북 제천시 한수면 미륵송계기로6길14
503,충북청,음성,설성,지구대,원남치안센터,충북 음성군 원남면 보천로 64
504,충북청,음성,설성,지구대,소이치안센터,충북 음성군 소이면 대장로 67
505,충북청,음성,금왕,지구대,생극치안센터,충북 음성군 생극면 음성로 1643
506,충북청,영동,중앙,지구대,심천치안센터,충북 영동군 심천면 심천로 6길 10-7
507,충북청,영동,황간,파출소,추풍령치안센터,충북 영동군 추풍령면 추풍령로441
508,충북청,영동,학산,파출소,양산치안센터,충북 영동군 양산면 금강로1516
509,충북청,영동,양강,파출소,용화치안센터,충북 영동군 용화면 용화양강로 18
510,충북청,영동,상촌,파출소,매곡치안센터,충북 영동군 매곡면 민주지산로 3571
511,충북청,괴산,증평,지구대,도안치안센터,충북 증평군 도안면 화성로 85
512,충북청,괴산,괴산,지구대,소수치안센터,충북 괴산군 소수면 소수로6길 1
513,충북청,괴산,청천,파출소,송면치안센터,충북 괴산군 청천면 문장로 3102
514,충북청,괴산,연풍,파출소,장연치안센터,충북 괴산군 장연면 미선로 778
515,충북청,괴산,청안,파출소,사리치안센터,충북 괴산군 사리면 모래재로 339
516,충북청,괴산,불정,파출소,감물치안센터,충북 괴산군 감물면 감물로 64
517,충북청,단양,매포,파출소,적성치안센터,충북 단양군 적성면 금수산로 957-1
518,충북청,단양,가곡,파출소,어상천치안센터,충북 단양군 어상천면 어상천로 956
519,충북청,단양,대강,파출소,단성치안센터,충북 단양군 단성면 월악로 4660
520,충북청,보은,읍내,지구대,산외치안센터,충북 보은군 산외면 구티1길 1(구티리)
521,충북청,보은,읍내,지구대,수한치안센터,충북 보은군 수한면 안내보은로 896(묘서리)
522,충북청,보은,마로,파출소,탄부치안센터,충북 보은군 탄부면 하장2길 9(하장리)
523,충북청,보은,마로,파출소,장안치안센터,충북 보은군 장안면 보청대로 1056(개안리)
524,충북청,보은,회인,파출소,회남치안센터,충북 보은군 회남로 1940(조곡리)
525,충북청,옥천,중앙,지구대,군서치안센터,충북 옥천군 군서면 성왕로 545
526,충북청,옥천,안내,파출소,안남치안센터,충북 옥천군 안남면 연주길 17
527,충북청,진천,상산,지구대,사석치안센터,충북 진천군 진천읍 문진로 1042
528,충북청,진천,상산,지구대,문백치안센터,충북 진천군 문백면 문진로 469-5
529,충북청,진천,상산,지구대,백곡치안센터,충북 진천군 백곡면 장터길 16-22
530,충남청,천안동남,목천북면,파출소,북면치안센터,충남 천안시 동남구 목천읍 서리1길 150
531,충남청,천안동남,병천동면,파출소,동면치안센터,충남 천안시 동남구 동면 동산1길 39
532,충남청,천안동남,수신성남,파출소,성남치안센터,충남 천안시 동남구 성남면 신사대화로 153
533,충남청,천안동남,광덕풍세,파출소,풍세치안센터,충남 천안시 동남구 풍세면 풍년길 27
534,충남청,서산,대산,지구대,지곡치안센터,서산시 지곡면 화천1로 98
535,충남청,서산,동부,파출소,음암치안센터,서산시 음암면 운암로 385
536,충남청,서산,해미,파출소,고북치안센터,서산시 고북면 고북1로 298
537,충남청,서산,해미,파출소,운산치안센터,서산시 운산면 운암로 1042
538,충남청,태안,안면,파출소,고남치안센터,태안군 고남면 빗독1길 42-1
539,충남청,서산,부석,파출소,인지치안센터,서산시 인지면 무학로 1675
540,충남청,태안,원북,파출소,이원치안센터,태안군 이원면 원이로 1542
541,충남청,아산,온양,지구대,온주치안센터,아산시 외암로 1413
542,충남청,아산,온양,지구대,송악치안센터,아산시 송악면 송악로 793
543,충남청,아산,탕정,파출소,염치치안센터,아산시 염치읍 염성길 101
544,충남청,아산,도고선장,파출소,선장치안센터,아산시 선장면 서부남로 13
545,충남청,논산,논산,지구대,은진치안센터,충청남도 논산시 은진면 매죽헌로 23
546,충남청,논산,연무,지구대,채운치안센터,충청남도 논산시 채운면 계백로588번길 57
547,충남청,논산,연무,지구대,가야곡치안센터,충청남도 논산시 가야곡면 덕은로 21
548,충남청,논산,강경,지구대,광석치안센터,충청남도 논산시 광석면 광석로 99
549,충남청,논산,강경,지구대,성동치안센터,충청남도 논산시 성동면 성동로 264
550,충남청,논산,계룡,지구대,벌곡치안센터,충청남도 논산시 벌곡면 황룡재로 592
551,충남청,논산,연산,파출소,부적치안센터,충청남도 논산시 부적면 계백로 1378
552,충남청,논산,상월,파출소,노성치안센터,충청남도 논산시 노성면 논산평야로 1463
553,충남청,공주,신관,지구대,의당치안센터,공주시 의당로 323
554,충남청,공주,금학,지구대,왕릉치안센터,공주시 봉황로 172
555,충남청,공주,유구,지구대,신풍치안센터,공주시 신풍길 93-2
556,충남청,공주,탄천이인,파출소,탄천치안센터,공주시 통산로 162
557,충남청,공주,반포,파출소,동학사치안센터,공주시 동학사1로 273
558,충남청,공주,우성사곡,파출소,사곡치안센터,공주시 동대리길 75
559,충남청,보령,동대,지구대,청라치안센터,충남 보령시 청라면 원모루길 219
560,충남청,보령,해수욕장,지구대,남포치안센터,충남 보령시 남포면 충서로1846
561,충남청,보령,해수욕장,지구대,원산도치안센터,충남 보령시 오천면 원산도 3길
562,충남청,보령,해수욕장,지구대,장고도치안센터,충남 보령시 오천면 장고도1길 29
563,충남청,보령,해수욕장,지구대,외연도치안센터,충남 보령시 오천면 외연도1길 102
564,충남청,보령,해수욕장,지구대,호도치안센터,충남 보령시 오천면 호도길10-16
565,충남청,보령,해수욕장,지구대,고대도치안센터,충남 보령시 오천면 고대도2길 60
566,충남청,보령,해수욕장,지구대,삽시도치안센터,충남 보령시 오천면 삽시도길 168-12
567,충남청,보령,해수욕장,지구대,녹도치안센터,충남 보령시 오천면 녹도2길 4
568,충남청,보령,웅천,파출소,주산치안센터,충남 보령시 주산면 충서로410-5
569,충남청,보령,주포,파출소,주교치안센터,충남 보령시 주교면 울계큰길 364
570,충남청,보령,주포,파출소,청소치안센터,충남 보령시 청소면 청소큰길 137
571,충남청,당진,합덕,파출소,우강치안센터,우강면 평야2로 52
572,충남청,당진,석문,파출소,고대치안센터,충남 당진시 고대면 구장터길5
573,충남청,당진,석문,파출소,정미치안센터,충남 당진시 정미면 천의길 2
574,충남청,당진,석문,파출소,대호지치안센터,충남 당진시 대호지면 4.4만세로 35
575,충남청,당진,석문,파출소,대난지도치안센터,충남 당진시 난지1길 359
576,충남청,당진,송악,파출소,기지시치안센터,충남 당진시 송악읍 기지시 1길 42
577,충남청,세종,조치원,지구대,연서치안센터,세종시 연서면 당산로 347
578,충남청,세종,한솔,파출소,장군치안센터,세종시 장군면 장척로 393
579,충남청,세종,전의,파출소,소정치안센터,세종시 소정면 소정구길 160
580,충남청,홍성,오관,지구대,구항치안센터,충남 홍성군 구항면 구항길61번길 5 구항치안센터
581,충남청,홍성,광천,지구대,은하치안센터,충남 홍성군 은하면 은하로 246 은하치안센터
582,충남청,홍성,서부결성,파출소,결성치안센터,충남 홍성군 결성면 홍남서로 733 결성치안센터
583,충남청,홍성,홍동장곡,파출소,장곡치안센터,충남 홍성군 장곡면 홍남동로 471 장곡치안센터
584,충남청,예산,예산,지구대,읍내치안센터,충남 예산군 예산로 194
585,충남청,예산,삽교,지구대,오가치안센터,충남 예산군 오가면 오가중앙로 159-6
586,충남청,예산,삽교,지구대,응봉치안센터,충남 예산군 응봉면 응봉로 165
587,충남청,예산,덕산,지구대,고덕치안센터,충남 예산군 고덕면 고덕중앙로 56
588,충남청,예산,덕산,지구대,봉산치안센터,충남 예산군 봉산면 봉산로 367
589,충남청,예산,신례원신암,파출소,신암치안센터,충남 예산군 신암면 추사고택로 2
590,충남청,예산,대술신양,파출소,신양치안센터,충남 예산군 신양면 청신로 368
591,충남청,예산,광시대흥,파출소,대흥치안센터,충남 예산군 대흥면 예당로 859
592,충남청,부여,홍산,파출소,옥산치안센터,부여군 옥산면 안골로 1
593,충남청,부여,임천,파출소,양화치안센터,부여군 양화면 입포로53번길 10-3
594,충남청,부여,임천,파출소,충화치안센터,부여군 충화면 팔충로 766
595,충남청,부여,세도,파출소,장암치안센터,부여군 장암면 장암로 7
596,충남청,부여,구룡,파출소,남면치안센터,부여군 남면 남성로 422
597,충남청,부여,석성,파출소,초촌치안센터,부여군 초촌면 초촌로 37
598,충남청,부여,외내산,파출소,내산치안센터,부여군 내산면 성충로 1012
599,충남청,서천,서림,지구대,시초치안센터,충청남도 서천군 시초면 시초북로 21
600,충남청,서천,서림,지구대,기산치안센터,충청남도 서천군 기산길 70-2
601,충남청,서천,판교,파출소,문산치안센터,충청남도 서천군 문산면 신농길24번길 7
602,충남청,서천,한산,파출소,마산치안센터,충청남도 서천군 마산면 삼일로265번길 15
603,충남청,서천,비인,파출소,종천치안센터,충청남도 서천군 종천면 충서로 442
604,충남청,서천,마서,파출소,화양치안센터,충청남도 서천군 화양면 옥포길8번길 12
605,충남청,금산,진악,지구대,금성치안센터,금성면 진산로 367
606,충남청,금산,진악,지구대,남이치안센터,남이면 진악로 5
607,충남청,금산,봉황,지구대,군북치안센터,군북면 군북로 722
608,충남청,금산,봉황,지구대,부리치안센터,부리면 무금로 1630
609,충남청,금산,봉황,지구대,남일치안센터,남일면 금산로 494
610,충남청,청양,칠갑,지구대,대치치안센터,대치면 칠갑산로495
611,충남청,청양,정산,지구대,목면치안센터,목면 안심길 170  
612,충남청,청양,장평청남,파출소,청남치안센터,청남면 명덕로 225
613,충남청,청양,장평청남,파출소,미당치안센터,장평면 미당큰길 57
614,충남청,청양,화성남양,파출소,남양치안센터,남양면 만수로 1609
615,전북청,전주완산,서신,지구대,서곡치안센터,전주시 완산구 세내로 552
616,전북청,군산,개야도,파출소,연도치안센터,옥도면 연도1길 24
617,전북청,군산,선유도,파출소,비안도치안센터,옥도면 비안도2길 15
618,전북청,군산,선유도,파출소,관리도치안센터,옥도면 관리도길 56-8
619,전북청,군산,선유도,파출소,방축도치안센터,옥도면 방축도1길 16
620,전북청,군산,선유도,파출소,명도치안센터,옥도면 명도길 21-8
621,전북청,군산,선유도,파출소,말도치안센터,옥도면 말도길 119
622,전북청,군산,비응,파출소,야미도치안센터,옥도면 야미도2길 20
623,전북청,군산,비응,파출소,신시도치안센터,옥도면 신시도3길 45
624,전북청,군산,나운,지구대,문화치안센터,군산시 팔마로 60
625,전북청,익산,중앙,지구대,남중치안센터,익산시 익산대로 52길 43
626,전북청,익산,부송,지구대,팔봉치안센터,익산시 무왕로 1415
627,전북청,익산,부송,지구대,신흥치안센터,익산시 선화로 429
628,전북청,익산,평화,지구대,마동치안센터,익산시 중앙로 13길 34
629,전북청,익산,평화,지구대,목천치안센터,익산시 번영로 2048-5
630,전북청,익산,신동,지구대,영등치안센터,익산시 인북로 302
631,전북청,정읍,상동,지구대,공원치안센타,정읍시 내장산로 930-5
632,전북청,정읍,상동,지구대,내장치안센타,정읍시 대식길 30
633,전북청,정읍,신태인,파출소,정우치안센타,정읍시 정우면 정신로 592
634,전북청,정읍,신태인,파출소,화호치안센타,정읍시 신태인읍 석지로 225
635,전북청,정읍,태인,파출소,옹동치안센타,정읍시 옹지동촌로 201번지
636,전북청,정읍,고부,파출소,영원치안센타,정읍시 고부면 영주로 542
637,전북청,정읍,이평,파출소,덕천치안센타,정읍시 덕천면 황토현로 304
638,전북청,남원,중앙,지구대,노암치안센터, 남원시 쑥고개로 55
639,전북청,남원,중앙,지구대,신정치안센터, 남원시 남문로 271
640,전북청,남원,중앙,지구대,동충치안센터, 남원시 용성로 96-3
641,전북청,남원,도통,지구대,주천치안센타, 남원시 정령치로 93
642,전북청,남원,도통,지구대,산동치안센타, 남원시 요천로 2917
643,전북청,남원,도통,지구대,이백치안센타, 남원시 과리길 7
644,전북청,남원,사매,파출소,대산치안센타,남원시 운교1길 22
645,전북청,남원,보절,파출소,덕과치안센타, 남원시 덕과로 4
646,전북청,남원,금지,파출소,주생치안센타,남원시 요천로 823
647,전북청,남원,송동,파출소,수지치안센타, 남원시 고주로 620
648,전북청,김제,월촌,지구대,요촌치안센터,김제시 동서3길 57
649,전북청,김제,월촌,지구대,부량치안센터,김제시 벽골제로 202
650,전북청,김제,신풍,지구대,역전치안센터,김제시 두월로 194
651,전북청,김제,신풍,지구대,황산치안센터,김제시 황산면 용마로 124
652,전북청,김제,만경,파출소,청하치안센터,김제시 청하면 만경로 1499
653,전북청,김제,죽산,파출소,성덕치안센터,김제시 성덕면 지평선로 88
654,전북청,김제,진봉,파출소,광활치안센터,김제시 광활면 광활11길 38
655,전북청,완주,봉동,파출소,비봉치안센터,완주군 비봉면 천호로 566
656,전북청,완주,소양,파출소,동상치안센터,완주군 동상면 동상로 1407
657,전북청,고창,모양,지구대,고수치안센터 ,고창군 고수면 고인돌대로 1406
658,전북청,고창,해리,파출소,상하치안센터,고창군 상하면 상하로 84
659,전북청,고창,해리,파출소,심원치안센터,고창군 심원면 심원로 207
660,전북청,고창,흥덕,파출소,성내치안센터,고창군 성내면 시기1길 61
661,전북청,고창,흥덕,파출소,신림치안센터,고창군 신림면 신림로 178
662,전북청,부안,서림,지구대,동진치안센터,부안군 동진로 106
663,전북청,부안,서림,지구대,백산치안센터,부안군 백산로 339
664,전북청,부안,서림,지구대,행안치안센터, 부안군 변산로 117
665,전북청,부안,격포,파출소,변산치안센터,부안군 지서로 69
666,전북청,부안,위도,파출소,식도치안센터, 부안군 식도1길 4-5
667,전북청,임실,오수,지구대,삼계치안센터,임실군 삼계면 충효로 1286
668,전북청,임실,오수,지구대,성수치안센터, 임실군 성수면 임진로 176
669,전북청,임실,오수,지구대,지사치안센터, 임실군 지사면 충효로 2413
670,전북청,임실,운수,파출소,청웅치안센터, 임실군 청웅면 청웅로 193
671,전북청,임실,관촌,파출소,신덕치안센터, 임실군 신덕면 수리로 97
672,전북청,임실,강진,파출소,덕치치안센터, 임실군 덕치면 인덕로 1395
673,전북청,임실,신평,파출소,운암치안센터, 임실군 운암면 상운길 58
674,전북청,순창,남계,파출소,유등치안센터,순창군 유등면 유등로 385
675,전북청,순창,순화,파출소,풍산치안센터,순창군 풍산면 금풍로 1027
676,전북청,순창,팔덕,파출소,금과치안센터,순창군 금과면 금풍로 5
677,전북청,순창,적성,파출소,인계치안센터,순창군 인계면 인덕로 221
678,전북청,진안,마이,파출소,상전치안센터,진안군 상전면 진성로 246
679,전북청,진안,동향,파출소,안천치안센터,진안군 안천면 노성리 692-2
680,전북청,진안,주천,파출소,용담치안센터,진안군 용담면 송풍리 903-7
681,전북청,장수,장계,파출소,계남치안센타,장수군 계남면 장수로 3073
682,전북청,무주,적상,파출소,괴목치안센터, 무주군 적상면 괴목로 542
683,전남청,목포서,역전,파출소,달리도치안센터,전남 목포시 달리길 361
684,전남청,목포서,역전,파출소,율도치안센터,전남 목포시 율도안길 1-4
685,전남청,목포서,흑산,파출소,다물도치안센터,전남 신안군 흑산면 다믈도길 33-21
686,전남청,목포서,흑산,파출소,대둔도치안센터,전남 신안군 흑산면 김이수길 18-2
687,전남청,목포서,흑산,파출소,영산도치안센터,전남 신안군 흑산면 영산길 19-9
688,전남청,목포서,흑산,파출소,하태도치안센터,전남 신안군 흑산면 장굴길 49-1
689,전남청,목포서,흑산,파출소,홍도치안센터,전남 신안군 흑산면 홍도리 185
690,전남청,목포서,가거,파출소,만재도치안센터,전남 신안군 흑산면 만재도리 산68-8
691,전남청,목포서,안좌,파출소,자라도치안센터,전남 신안군 안좌면 자라길 6-3
692,전남청,목포서,안좌,파출소,사치도치안센터,전남 신안군 안좌면 사치도길 19
693,전남청,목포서,압해,파출소,고이도치안센터,전남 신안군 압해도 고이길 32
694,전남청,목포서,비금,파출소,수치도치안센터,전남 신안군 비금면 수치도길 225-6
695,전남청,목포서,도초,파출소,우이도치안센터,전남 신안군 도로면 우이진리길 34-5
696,전남청,목포서,장산,파출소,마진도치안센터,전남 신안군 장산면 마진도길 26
697,전남청,목포서,임자,파출소,재원도치안센터,전남 신안군 임자면 재원길 23-33
698,전남청,목포서,암태,파출소,당사도치안센터,전남 신안군 암태면 당사도길 224
699,전남청,목포서,하의,파출소,옥도치안센터,전남 신안군 하의도 옥도길 33-46
700,전남청,목포서,지도,파출소,어의도치안센터,전남 신안군 지도읍 어의길 1-2
701,전남청,목포서,지도,파출소,선도치안센터,전남 신안군 지도읍 매계길 17
702,전남청,목포서,증도,파출소,병풍도치안센터,전남 신안군 증도면 병풍1길 42-6
703,전남청,목포서,압해,파출소,매화치안센터,전남 신안군 압해읍 매화길 700
704,전남청,목포서,압해,파출소,압해치안센터,전남 신안군 압해읍 압해로 283
705,전남청,여수서,쌍봉,지구대,무선치안센터,전남 여수시 성산로 43
706,전남청,여수서,쌍봉,지구대,안산치안센터,전남 여수시 소호로 644
707,전남청,여수서,봉산,파출소,대경도치안센터,전남 여수시 대경도2길 14
708,전남청,여수서,봉산,파출소,대교치안센터,전남 여수시 돌산읍 돌산로 3623
709,전남청,여수서,봉산,파출소,국동치안센터,전남 여수시 어항단지로 18
710,전남청,여수서,삼산,파출소,초도치안센터,전남 여수시 삼산면 대동길 10
711,전남청,여수서,삼산,파출소,손죽치안센터,전남 여수시 삼산면 평도길 42
712,전남청,여수서,화정,파출소,개도치안센터,전남 여수시 화정면 개도화산1길 4
713,전남청,여수서,화정,파출소,낭도치안센터,전남 여수시 화정면 여산길 75
714,전남청,여수서,돌산,파출소,월호치안센터,전남 여수시 화정면 월호골길 10
715,전남청,여수서,소라,파출소,여자치안센터,전남 여수시 화정면 여자대동길 29-4
716,전남청,여수서,화정,파출소,적금치안센터,전남 여수시 화정면 적금뒷등길 5-12
717,전남청,여수서,돌산,파출소,화태치안센터,전남 여수시 남면 달밭금길 53
718,전남청,여수서,남면,파출소,연도치안센터,전남 여수시 남면 연도리 1619-10
719,전남청,순천서,남도,파출소,상사치안센터,전남 순천시 상사면 상사호길 336
720,전남청,순천서,황전,파출소,월등치안센터,전남 순천시 월등면 월등로 552
721,전남청,순천서,송광,파출소,외서치안센터,전남 순천시 외서면 쌍향수길 476
722,전남청,나주서,봉황,파출소,다도치안센터,전남 나주시 다도면 다도로 767
723,전남청,나주서,영산,파출소,세지치안센터,전남 나주시 세지면 동창로 120
724,전남청,나주서,다시,파출소,문평치안센터,전남 나주시 문평면 안곡리 119-4
725,전남청,나주서,공산,파출소,동강치안센터,전남 나주시 동강면 동강로 569
726,전남청,나주서,왕곡,파출소,반남치안센터,전남 나주시 반남면 고본로 607
727,전남청,광양서,읍내,지구대,봉강치안센터,전남 광양시 봉강면 조양길 47
728,전남청,광양서,태금,파출소,진월치안센터,전남 광양시 진월면 선소중앙길 34
729,전남청,광양서,진상,파출소,다압치안센터,전남 광양시 다압면 섬진강매화로 2139
730,전남청,고흥서,읍내,파출소,두원치안센터,전남 고흥군 두원면 두원로 456
731,전남청,고흥서,녹동,파출소,도덕치안센터,전남 고흥군 도덕면 고흥로 481
732,전남청,고흥서,녹동,파출소,소록치안센터,전남 고흥군 도양읍 소록선창길 5
733,전남청,고흥서,녹동,파출소,시산치안센터,전남 고흥군 도양읍 시산살푸섬길 7-2
734,전남청,고흥서,과역,파출소,남양치안센터,전남 고흥군 남양면 남향희망길 5-4
735,전남청,고흥서,과역,파출소,탄포치안센터,전남 고흥군 남양면 우주항공길 4070
736,전남청,고흥서,봉래,파출소,동일치안센터,전남 고흥군 동일면 우주로 2613
737,전남청,해남서,옥천,파출소,계곡치안센터,전남 해남군 계곡면 해남로 1438
738,전남청,해남서,북평,파출소,북일치안센터,전남 해남군 북일면 만원길 26-8
739,전남청,무안서,현경,파출소,망운치안센터,전남 무안군 망운면 망운로 5
740,전남청,무안서,승달,파출소,몽탄치안센터,전남 무안군 몽탄면 몽탄로 846
741,전남청,장흥서,읍내,파출소,부산치안센터,전남 장흥군 부산면 부산로 3
742,전남청,장흥서,장평,파출소,유치치안센터,전남 장흥군 유치면 유치로 32
743,전남청,장흥서,장평,파출소,장동치안센터,전남 장흥군 장동면 흥성로 1568
744,전남청,보성서,읍내,파출소,웅치치안센터,전남 보성군 웅치면 일림로 1020
745,전남청,보성서,벌교,파출소,낙성치안센터,전남 보성군 벌교읍 채동선로 754
746,전남청,보성서,벌교,파출소,장도치안센터,전남 보성군 벌교읍 장도길 204-13
747,전남청,보성서,복내,파출소,문덕치안센터,전남 보성군 문덕면 장운길 50
748,전남청,보성서,예당,파출소,득량치안센터,전남 보성군 득량면 충위로 1498
749,전남청,보성서,겸백,파출소,율어치안센터,전남 보성군 율어면 율러로 554
750,전남청,보성서,미력,파출소,노동치안센터,전남 보성군 노동면 광곡길 19-2
751,전남청,영광서,읍내,지구대,불갑치안센터,전남 영광군 불갑면 함영로 2902
752,전남청,영광서,대마,파출소,묘량치안센터,전남 영광군 묘량면 묘량로 245-16
753,전남청,영광서,군남,파출소,군서치안센터,전남 영광군 군서면 성왕로 545
754,전남청,영광서,낙월,파출소,안마치안센터,전남 영광군 낙월면 안마길 22
755,전남청,영광서,읍내,지구대,원흥치안센터,전남 영광군 영광읍 영대4길 16
756,전남청,화순서,읍내,지구대,이십곡치안센터,전남 화순군 화순읍 화보로 4254
757,전남청,화순서,능주,파출소,춘양치안센터,전남 화순군 춘향면 춘향로 108
758,전남청,화순서,능주,파출소,한천치안센터,전남 화순군 한천면 한계1길 52
759,전남청,화순서,도곡,파출소,도암치안센터,전남 화순군 도암면 천태로 425
760,전남청,화순서,이양,파출소,청풍치안센터,전남 화순군 청풍면 평지촌길 28
761,전남청,화순서,동면,파출소,이서치안센터,전남 화순군 이서면 적벽로 817
762,전남청,화순서,동복,파출소,북면치안센터,전남 화순군 북면 학천길 22
763,전남청,함평서,읍내,파출소,주포치안센터,전남 함평군 함평읍 주포리 343
764,전남청,함평서,남부,파출소,엄다치안센터,전남 함평군 엄다면 엄다길 9
765,전남청,함평서,서부,파출소,신광치안센터,전남 함평군 신광면 신광중앙길 67
766,전남청,영암서,읍내,파출소,덕진치안센터,전남 영암군 덕진면 내촌길 18-5
767,전남청,영암서,삼호,지구대,대불치안센터,전남 영암군 삼호읍 녹색로 508
768,전남청,영암서,학산,파출소,미암치안센터,전남 영암군 미암면 미중로 15-8
769,전남청,영암서,군서,파출소,서호치안센터,전남 영암군 서호면 서호로 316
770,전남청,영암서,시종,파출소,도포치안센터,전남 영암군 도포면 호산로 27
771,전남청,영암서,신북,파출소,금정치안센터,전남 영암군 금정면 용두로 11-12
772,전남청,장성서,읍내,파출소,황룡치안센터,전남 장성군 황룡면 뱃나드리로 91
773,전남청,장성서,읍내,파출소,동화치안센터,전남 장성군 동화면 삼동로 728
774,전남청,장성서,북일,파출소,서삼치안센터,전남 장성군 서삼면 축령로 349
775,전남청,장성서,북하,파출소,북상치안센터,전남 장성군 북하면 백양로 608
776,전남청,장성서,진남,파출소,진원치안센터,전남 장성군 진원면 노사로 509
777,전남청,강진서,도암,파출소,신전치안센터,전남 강진군 신전면 신정중앙길 25
778,전남청,강진서,작천,파출소,병영치안센터,전남 강진군 병영면 병영성로 143
779,전남청,강진서,작천,파출소,옴천치안센터,전남 강진군 옴천면 옴천중앙로 43
780,전남청,강진서,마량,파출소,대구치안센터,전남 강진군 대구면 청자로 1827
781,전남청,담양서,중앙,파출소,무정치안센터,전남 담양군 무정면 무정로 523
782,전남청,담양서,금성,파출소,용면치안센터,전남 담양군 용면 추령로 1
783,전남청,담양서,수북,파출소,월산치안센터,전남 담양군 월산면 도개길 170
784,전남청,담양서,대전,파출소,봉산치안센터,전남 담양군 봉산면 면앙정로 152
785,전남청,담양서,고서,파출소,남면치안센터,전남 담양군 남면 가사문학로 1133
786,전남청,담양서,창평,파출소,대덕치안센터,전남 담양군 대덕면 대조동1길 5
787,전남청,곡성서,삼기,파출소,겸면치안센터,전남 곡성군  겸면 곡순로 1850
788,전남청,곡성서,석곡,파출소,목사동치안센터,전남 곡성군  목사동면 주목로 763
789,전남청,곡성서,오곡,파출소,고달치안센터,전남 곡성군  고달면 목동1길 12 
790,전남청,곡성서,옥과,파출소,오산치안센터,전남 곡성군  오산면 오산로 607
791,전남청,완도서,군외,파출소,백일치안센터,전남 완도군 군외면 백일도길 36
792,전남청,완도서,금일,파출소,생일치안센터,전남 완도군 생일면 생일로 593
793,전남청,완도서,금일,파출소,덕우치안센터,전남 완도군 고금면 고금로 1228
794,전남청,완도서,청산,파출소,여서치안센터,전남 완도군 청산면 여서도길 15
795,전남청,완도서,청산,파출소,대모치안센터,전남 완도군 청산면 대모도29번길15
796,전남청,완도서,소안,파출소,횡간치안센터,전남 완도군 소안면 횡간도길 18
797,전남청,완도서,소안,파출소,당사치안센터,전남 완도군 소안면 당사도길 11
798,전남청,완도서,노화,파출소,넙도치안센터,전남 완도군 노화면 넙도289번길 18
799,전남청,진도서,군내,파출소,녹진치안센터,전남 진도군 군내면 진도대로 8499
800,전남청,진도서,조도,파출소,관매도치안센터,전남 진도군 조도면 관매도길 37
801,전남청,진도서,지산,파출소,가사도치안센터,전남 진도군 지산면 가사도길 94
802,전남청,진도서,조도,파출소,동거차도치안센터,전남 진도군 조도면 동차차동육길 50
803,전남청,구례서,읍내,파출소,신월치안센터,전남 구례군 구례읍 섬진강로 15-10
804,전남청,구례서,간전,파출소,문척치안센터,전남 구례군 문척면 수달상태로 258
805,전남청,구례서,광의,파출소,용방치안센터,전남 구례군 용방면 용방로 475
806,경북청,경주,불국,파출소,진현치안센터,경주시 불국신택지5길7
807,경북청,경주,안강,파출소,옥산치안센터,경주시 안강읍 호국2355
808,경북청,포북,죽장,파출소,상옥치안센타,포항시 북구 죽장면 죽장로 1790
809,경북청,포남,상대,지구대,대도치안센터,포항시 남구 양학천로 118번길 37
810,경북청,포남,해도,파출소,해도치안센터,포항시 남구 해동로 133
811,경북청,포남,청림,파출소,제철치안센터,포항시 남구 동해안로 6133
812,경북청,구미,형곡,지구대,송정치안센터,구미시 송원동로 16
813,경북청,구미,상림,지구대,공단치안센터,구미시 1공단로 198-6
814,경북청,구미,원평,지구대,원동치안센터,구미시 금오산로5길 6-1
815,경북청,구미,인동,파출소,황상치안센터,구미시 수출대로31길15
816,경북청,구미,신평,파출소,광평치안센터,구미시 구미대로19길4
817,경북청,경산,서부,지구대,역전치안센터,경산시 중앙로 24
818,경북청,경산,서부,지구대,남천치안센터,경산시 남천면 남천로456
819,경북청,경산,자인,파출소,남산치안센터,경산시 남산면 하날로 315
820,경북청,경산,자인,파출소,용성치안센터,경산시 용성면 원효로 1415
821,경북청,경산,하양,파출소,청천치안센터,경산시 하양읍 대경로 107-4
822,경북청,안동,송하,지구대,서후치안센터,안동시 서후면 학가산온천길 369
823,경북청,안동,태화,지구대,서부치안센터,안동시 제비원로 217
824,경북청,안동,역전,지구대,남부치안센터,안동시 경동로 547
825,경북청,안동,역전,지구대,중앙치안센터,안동시 태사길 14-9
826,경북청,안동,일직,파출소,남후치안센터,안동시 남후면 무릉길 94
827,경북청,안동,풍천,파출소,검무치안센터,안동시 풍천면  갈전리 857
828,경북청,김천,중앙,파출소,황남치안센터,김천시 양금로 229
829,경북청,김천,직지,파출소,봉산치안센터,김천시 봉산면 예지송정길 17-7
830,경북청,김천,직지,파출소,황악치안센터,김천시 봉산면 봉산로676
831,경북청,김천,율곡,파출소,농소치안센터,김천시 농소면 농남로 48
832,경북청,김천,감문,파출소,개령치안센터,김천시 개량면 동부길 55
833,경북청,김천,조마,파출소,감천치안센터,김천시 감천면 금감로 1547
834,경북청,김천,지례,파출소,부항치안센터,김천시 부항면 사동 3길 12
835,경북청,김천,대덕,파출소,증산치안센터,김천시 증산면 증산로 945-21
836,경북청,영주,동부,지구대,이산치안센터,영주시 이산면 이산로 194
837,경북청,영주,동부,지구대,남부치안센터,영주시 구성로 260
838,경북청,영주,신영주,지구대,문수치안센터,영주 문수면 문수로 1363번길 33
839,경북청,영주,신영주,지구대,평은치안센터,영주시 천상로 70-114
840,경북청,영주,풍기,파출소,봉현치안센터,영주시 봉현면 노좌로 21
841,경북청,영주,부석,파출소,단산치안센터,영주시 단산면 옥대로 34
842,경북청,영천,중앙,파출소,서부치안센터,영천시 향군로 19(화룡동)
843,경북청,영천,화남,파출소,화북치안센터,영천시 화북면 화북길 59
844,경북청,영천,임고,파출소,자양치안센터,영천시 자양명 포은로 1625
845,경북청,영천,고경,파출소,단포치안센터,영천시 고경면 호국로 363
846,경북청,상주,중앙,지구대,북문치안센터,상주시 북천로 67
847,경북청,상주,동문,지구대,역전치안센터,상주시 왕산로 119
848,경북청,상주,함창,파출소,이안치안센터,상주시 이안면 양범안룡길 31
849,경북청,상주,공검,파출소,외서치안센터,상주시 외서면 우산로 569
850,경북청,상주,낙동,파출소,중동치안센터,상주시 중동면 공산로5
851,경북청,상주,청리,파출소,외남치안센터,상주시 와남면 석단로 933-8
852,경북청,상주,화동,파출소,내서치안센터,상주시 내서면 낙서1길 36
853,경북청,상주,모동,파출소,모서치안센터,상주시 모서면 중화로 866
854,경북청,상주,화서,파출소,화남치안센터,상주시 화남면 영남제일로4636
855,경북청,문경,남부,파출소,신기치안센터,문경 점촌역길3
856,경북청,문경,산북,파출소,동로치안센터,문경시 동로면 여우목록 2795
857,경북청,문경,산양,파출소,영순치안센터,문경시 영순면 영순로275
858,경북청,문경,마성,파출소,호계치안센터,문경시 호계면 막곡장터 19
859,경북청,칠곡,왜관,지구대,기산치안센터,칠곡군 기산면 주산로1209
860,경북청,의성,의성,지구대,단촌치안센터,의성군 단촌면 신기길 29
861,경북청,의성,의성,지구대,사곡치안센터,의성군 사곡면 의성사곡로 957
862,경북청,의성,안계,파출소,안사치안센터,의성군 안사면 안신로640
863,경북청,의성,안계,파출소,단북치안센터,의성군 단북면 단북다인로 166
864,경북청,의성,봉양,파출소,비안치안센터,의성군 비안면 강변길 27
865,경북청,의성,옥산,파출소,점곡치안센터,의성군 점곡면 점곡길 59
866,경북청,의성,단밀,파출소,구천치안센터,의성군 구천면 소보안계로 1623
867,경북청,의성,안평,파출소,신평치안센터,의성군 신평면 봉호로 2466-6
868,경북청,의성,춘산,파출소,가음치안센터,의성군 가음면 금성현서로 461
869,경북청,청도,중앙,파출소,한재치안센터,청도군 청도읍 새마을로 143
870,경북청,청도,중앙,파출소,유호치안센터,청도군 청도읍 유천길51-1
871,경북청,청도,금천,파출소,운문치안센터,청도군 운문면 청려로 4731
872,경북청,청도,풍각,파출소,각북치안센터,청도군 각북면 헐티로 802
873,경북청,청도,이서,파출소,각남치안센터,청도군 각남면 각남로 65
874,경북청,영덕,영덕,파출소,지품치안센터,영덕군 지품면 경동로7173-3
875,경북청,영덕,강구,파출소,달산치안센터,영덕군 달산면 팔각산로 1823
876,경북청,영덕,영해,파출소,창수치안센터,영덕군 창수면 창수영해로 17
877,경북청,울진,근남,파출소,매화치안센터,울진군 매화면 원남로 468
878,경북청,울진,평해,파출소,온정치안센터,울진군 온정면 온정학교길 10
879,경북청,울진,후포,파출소,후포치안센터,울진군 후포면 동해대로 52
880,경북청,봉화,봉화,파출소,상운치안센터,봉화군 상운면 예봉로 1291
881,경북청,봉화,명호,파출소,봉성치안센터,봉화군 봉성면 봉명로 550-7
882,경북청,봉화,명호,파출소,재산치안센터,봉화군 재산면 재산로 489
883,경북청,봉화,춘양,파출소,법전치안센터,봉화군 법전면 법전로 85
884,경북청,봉화,춘양,파출소,서벽치안센터,봉화군 춘양면 춘양로 1434
885,경북청,예천,예천,지구대,유천치안센터,예천군 유천면 예성로 699-6
886,경북청,예천,감천,파출소,보문치안센터,예천군 보문면 무근열길13
887,경북청,예천,지보,파출소,개포치안센터,예천군 개포면 용개로 1005-6
888,경북청,예천,은풍,파출소,효자치안센터,예천군 효자면 도효자료1373
889,경북청,성주,초전,파출소,월항치안센터,성주군 월항면 주산로 360
890,경북청,성주,벽진,파출소,대가치안센터,성주군 대가면여실길 10
891,경북청,성주,가천,파출소,금수치안센터,성주군 금수면 성주로 1881
892,경북청,성주,선남,파출소,도성치안센터,성주군 선남면 선노로1
893,경북청,청송,청송,파출소,파천치안센터,청송군 파천면 청송로 5533
894,경북청,청송,진보,파출소,월전치안센터,청송군 진보면 경동로 4561
895,경북청,영양,영양,파출소,일월치안센터,영양군 일월면 영양로 2383
896,경북청,군위,중앙,파출소,소보치안센터, 군위군 소보면 송원3길 12(송원리)
897,경북청,군위,부계,파출소,산성치안센터, 군위군 산성면 화본2길 3(화본1리)
898,경북청,고령,고령,파출소,운수치안센터,고령군 운용로 102
899,경북청,고령,고령,파출소,덕곡치안센터,고령군 덕곡면 덕운로 568
900,경북청,고령,성산,파출소,개진치안센터,고령군 개진면 개경포로 581-7
901,경남청,창원중부서,신월,지구대,사림치안센터,창원시 의창구 창이대로 417번길 3-18
902,경남청,창원중부서,중앙,파출소,두대치안센터,창원시 의창구 대원로 97
903,경남청,창원중부서,반송,파출소,용호치안센터,창원시 의창구 용지로 169번길 11-22
904,경남청,창원서부서,의창,파출소,소계치안센터,창원시 의창구 의창대로 45
905,경남청,창원서부서,의창,파출소,중동치안센터,창원시 의창구 읍성로34번길 2
906,경남청,마산중부서,남성,파출소,자산치안센터,창원시 마산합포구 자산서11길 92
907,경남청,마산중부서,남성,파출소,창동치안센터,창원시 마산합포구 남성로 114
908,경남청,마산중부서,진동,파출소,진북치안센터,창원시 마산합포구 진북면 삼진의거대로 447
909,경남청,마산동부서,합성,지구대,구암1치안센터,창원시 마산회원구 구암서3길 82
910,경남청,진주서,상대,지구대,공단치안센터,진주시 대신로 94
911,경남청,진주서,남강,지구대,역전치안센터,진주시 진주대로 942
912,경남청,진주서,진양호,지구대,명석치안센터,진주시 명석면 나불로 291
913,경남청,진주서,개양,파출소,내동치안센터,진주시 내동면 순환로 386
914,경남청,진주서,하대,파출소,집현치안센터,진주시 집현면 진주성로 748
915,경남청,진주서,문산,파출소,금곡치안센터,진주시 금곡면 월아산로 119
916,경남청,진주서,문산,파출소,동진주치안센터,진주시 동진로 593
917,경남청,진주서,일반성,파출소,이반성치안센터,진주시 이반성면 오봉산로 716
918,경남청,진주서,일반성,파출소,진성치안센터,진주시 진성면 동부로 1336-1
919,경남청,진주서,지수,파출소,사봉치안센터,진주시 사봉면 사군로 109
920,경남청,진주서,수곡,파출소,대평치안센터,진주시 대평면 한들길 53
921,경남청,진주서,대곡,파출소,미천치안센터,진주시 미천면 진산로 1815
922,경남청,김해중부서,연지,지구대,외동치안센터,김해시 분성로219
923,경남청,김해중부서,중앙,지구대,동상치안센터,김해시 분성로335번길36
924,경남청,김해중부서,중앙,지구대,활천치안센터,김해시 분성로512번길57-1
925,경남청,김해중부서,신어,지구대,불암치안센터,김해시 김해대로2783
926,경남청,양산서,물금,지구대,강서치안센터,양산시 충렬로 169
927,경남청,양산서,물금,지구대,원동치안센터,양산시 원동면 원동마을길 14
928,경남청,거제서,옥포,지구대,아주치안센터,경남 거제시 아주로 47
929,경남청,거제서,장승포,지구대,일운치안센터,경남 거제시 일운면 지세포로 107
930,경남청,거제서,장평,지구대,사등치안센터,경남 거제시 사등면 성포로 164
931,경남청,거제서,장평,지구대,대교치안센터,경남 거제시 사등면 거제대로 6232
932,경남청,거제서,연초,파출소,하청치안센터,경남 거제시 하청면 하청로 40
933,경남청,거제서,거제,파출소,둔덕치안센터,경남 거제시 둔덕면 하둔길 61
934,경남청,거제서,동부,파출소,남부치안센터,경남 거제시 남부면 다대7길 37-1
935,경남청,진해서,충무,파출소,여좌치안센터,창원시 진해구 여좌천로 64-1
936,경남청,진해서,웅동,파출소,웅천치안센터,창원시 진해구 웅천로1번길 6
937,경남청,통영,광도,지구대,도산치안센터,통영시 도산면 도산일주로 40
938,경남청,사천서,삼천포,지구대,서부치안센타,사천시 서부시장길 85
939,경남청,사천서,삼천포,지구대,봉남치안센타,사천시 삼상로 309
940,경남청,사천서,사천,지구대,정동치안센타,사천시 정동면 대곡2길 7
941,경남청,사천서,사천,지구대,축동치안센타,사천시 축동면 서삼로 1442
942,경남청,밀양서,하남,파출소,초동치안센터,밀양시 초동면 초동로 115
943,경남청,밀양서,무안,파출소,청도치안센터,밀양시 청도면 청도로 101
944,경남청,밀양서,산외,파출소,상동치안센터,밀양시 상동면 상동로 566
945,경남청,거창서,원학,파출소,북상치안센터,거창군 덕유월성로 2317
946,경남청,거창서,원학,파출소,마리치안센터,거창군 거안로 835
947,경남청,거창서,가조,파출소,가북치안센터,거창군 용암로 19
948,경남청,거창서,웅양,파출소,주상치안센터,거창군 당대고개길 3
949,경남청,거창서,남상,파출소,남하치안센터,거창군 영서로 81
950,경남청,합천서,중부,파출소,율곡치안센터,경남 합천군 율곡면 율진리 56
951,경남청,합천서,중부,파출소,대양치안센터,경남 합천군 대양면 덕정리 665-8
952,경남청,합천서,동부,파출소,적중치안센터,경남 합천군 적중면 적중로 92
953,경남청,합천서,동부,파출소,쌍책치안센터,경남 합천군 쌍책면 선산큰길 44
954,경남청,합천서,중부,파출소,용주치안센터,경남 합천군 용주면 황계폭포로 1151
955,경남청,합천서,동부,파출소,청덕치안센터,경남 합천군 청덕면 동부로 1707
956,경남청,합천서,동부,파출소,덕곡치안센터,경남 합천군 덕곡면 율지2길 13
957,경남청,합천서,삼가,파출소,쌍백치안센터,경남 합천군 쌍백면 평구3길 7-1
958,경남청,합천서,봉산,파출소,묘산치안센터,경남 합천군 묘산면 묘산로 167-1
959,경남청,합천서,대병,파출소,가회치안센터,경남 합천군 가회면 황매산로 48
960,경남청,합천서,가야,파출소,해인치안센터,경남 합천군 가야면 가야산로 1810
961,경남청,창녕서,남지,파출소,장마치안센터,경남 창녕군 장마면 강리길 30
962,경남청,창녕서,영산,파출소,계성치안센터,경남 창녕군 계성면 영산계성로 228
963,경남청,창녕서,영산,파출소,도천치안센터,경남 창녕군 도천면 영산도천로 348
964,경남청,창녕서,부곡,파출소,길곡치안센터,경남 창녕군 길곡면 낙동로 1504
965,경남청,창녕서,대합,파출소,성산치안센터,경남 창녕군 성산면 성산로 249
966,경남청,창녕서,유어,파출소,대지치안센터,경남 창녕군 대지면 우포2로 977
967,경남청,창녕서,유어,파출소,대지치안센터,경남 창녕군 대지면 우포2로 977
968,경남청,고성서,공룡,지구대,대가치안센터,고성군 대가면 유흥3길 14
969,경남청,고성서,공룡,지구대,삼산치안센터,고성군 삼산면 공룡로 2141-5
970,경남청,고성서,회화,파출소,마암치안센터,고성군 마암면 옥천로 233-10
971,경남청,고성서,회화,파출소,구만치안센터,고성군 구만면 영회로 1769
972,경남청,고성서,하이,파출소,하일치안센터,고성군 하일면 공룡로 1040
973,경남청,고성서,영오,파출소,개천치안센터,고성군 개천면 옥천로 1274
974,경남청,고성서,상리,파출소,영현치안센터,고성군 영현면 대가로 1677
975,경남청,하동서,읍내,파출소,적량치안센터,하동군 적량면 대티길 1
976,경남청,하동서,횡천,파출소,청암치안센터,하동군 청암면 청학로  668
977,경남청,하동서,옥종,파출소,북천치안센터,하동군 북천면 경서대로 2450
978,경남청,하동서,진교,파출소,양보치안센터,하동군 양보면 진양로 727
979,경남청,남해서,중앙,지구대,이동치안센터,남해군 이동면 무림로 86
980,경남청,남해서,중앙,지구대,서면치안센터,남해군 서면 남서대로 1637
981,경남청,남해서,창선,파출소,창선치안센터,남해군 창선면 동부대로 3017
982,경남청,남해서,미조,파출소,상주치안센터,남해군 상주면 남해대로 717
983,경남청,남해서,고현,파출소,대교치안센터,남해군 설천면 남해대로 4223
984,경남청,남해서,고현,파출소,설천치안센터,남해군 설천면 설천로 698
985,경남청,함양서,수동,파출소,지곡치안센터,함양군 지곡면 창촌길 20-40
986,경남청,함양서,유림,파출소,휴천치안센터,함양군 휴천면 함양남서로 526
987,경남청,함양서,서상,파출소,서하치안센터,함양군 서하면 함양남서로 3945
988,경남청,함양서,백전,파출소,병곡치안센터,함양군 병곡면 함양남서로 1736
989,경남청,산청서,경호,지구대,생초치안센터,산청군 생초면 생초로 23
990,경남청,산청서,경호,지구대,금서치안세터,산청군 금서면 친환경로 2535
991,경남청,산청서,경호,지구대,오부치안센터,산청군 오부면 산수로 553
992,경남청,산청서,신안,파출소,생비량치안센터,산청군 생비량면 비량로 47
993,경남청,산청서,신등,파출소,차황치안센터,산청군 차황면 신차로 1798
994,경남청,산청서,시천,파출소,삼장치안센터,산청군 삼장면 덕산대포로 262-1
995,경남청,함안서,가야,파출소,산인치안센터,함안군 산인면 신산로 166
996,경남청,함안서,칠원,파출소,칠북치안센터,함안군 칠원면 칠북로  29
997,경남청,함안서,군북,파출소,월촌치안센터,함안군 군북면 월촌안길 53
998,경남청,의령서,중부,지구대,정암치안센터,경남 의령군 의령읍 남강로 715-13
999,경남청,의령서,칠곡,파출소,대의치안센터,경남 의령군 대의면 대의로 46
1000,경남청,의령서,유곡,파출소,궁류치안센터,경남 의령군 궁류면 궁류로 12-7
1001,경남청,의령서,중부,지구대,가례치안센터,경남 의령군 의령읍 의병로 53
1002,경남청,의령서,중부,지구대,용덕치안센터,경남 의령군 용덕면 의합대로 363
1003,경남청,의령서,부림,파출소,낙서치안센터, 경남 의령군 낙서면 낙서로 505
1004,경남청,의령서,부림,파출소,봉수치안센터,경남 의령군 봉수면 대한로 1225-3
1005,제주청,동부,중앙,지구대,산지치안센터,제주시 임항로 128
1006,제주청,동부,구좌,파출소,김녕치안센터,제주시 김녕로 84
1007,제주청,서부,연동,지구대,서문치안센터,제주시 용운로 120-1
1008,제주청,서부,한림,파출소,한서치안센터,제주시 한림로 248-1
1009,제주청,서부,한림,파출소,비양도치안센터,제주시 비양로길 84
1010,제주청,서부,한경,파출소,고산치안센터,제주시 고산로 39-3
1011,제주청,서부,한경,파출소,저지치안센터,제주시 중산간서로 3006
1012,제주청,서귀포,중동,지구대,중앙치안센터,서귀포시 중앙로101번길 9-1
1013,제주청,서귀포,대정,파출소,가파도치안센터,서귀포시 가파로 83
1014,제주청,서귀포,대정,파출소,마라도치안센터,서귀포시 마라도77번길 15
1015,제주청,서귀포,대정,파출소,영어교육도시치안센터,서귀포시 대정읍 구억리 영어교육도시 J1블럭
1016,제주청,서귀포,남원,파출소,위미치안센터,서귀포시 태위로 141
1017,제주청,서귀포,성산,파출소,신산치안센터,서귀포시 일주동로 5122
